state,account_length,area_code,phone_number,international_plan,voice_mail_plan,number_vmail_messages,total_day_minutes,total_day_calls,total_day_charge,total_eve_minutes,total_eve_calls,total_eve_charge,total_night_minutes,total_night_calls,total_night_charge,total_intl_minutes,total_intl_calls,total_intl_charge,number_customer_service_calls,class
35,107,415,2301,0,1,26,161.6,123,27.47,195.5,103,16.62,254.4,103,11.45,13.7,3,3.7,1,0
26,95,510,3509,0,0,0,156.6,88,26.62,247.6,75,21.05,192.3,115,8.65,12.3,5,3.32,3,0
9,147,415,3606,0,0,0,155.1,117,26.37,239.7,93,20.37,208.8,133,9.4,10.6,4,2.86,0,0
5,77,408,3452,0,0,0,62.4,89,10.61,169.9,121,14.44,209.6,64,9.43,5.7,6,1.54,5,1
26,54,408,4803,0,0,0,134.3,73,22.83,155.5,100,13.22,102.1,68,4.59,14.7,4,3.97,3,0
23,162,510,4553,0,1,46,224.9,97,38.23,188.2,84,16.0,254.6,61,11.46,12.1,2,3.27,0,0
10,70,415,4411,0,1,24,249.5,101,42.42,259.7,98,22.07,222.7,68,10.02,9.8,4,2.65,1,0
46,128,510,3182,0,1,29,179.3,104,30.48,225.9,86,19.2,323.0,78,14.54,8.6,7,2.32,0,0
31,128,415,1662,0,0,0,237.9,125,40.44,247.6,93,21.05,208.9,68,9.4,13.9,4,3.75,1,1
3,95,408,345,0,0,0,238.1,65,40.48,187.2,98,15.91,190.0,115,8.55,11.8,4,3.19,4,0
22,120,408,4319,0,0,0,165.0,100,28.05,317.2,83,26.96,119.2,86,5.36,8.3,8,2.24,1,0
43,92,408,4329,0,0,0,91.7,90,15.59,193.7,123,16.46,175.0,86,7.88,9.2,4,2.48,2,0
22,157,415,2805,0,1,28,192.6,107,32.74,195.5,74,16.62,109.7,139,4.94,6.8,5,1.84,3,0
24,6,510,1227,0,0,0,183.6,117,31.21,256.7,72,21.82,178.6,79,8.04,10.2,2,2.75,1,0
8,92,415,1809,0,1,33,243.1,92,41.33,213.8,92,18.17,228.7,104,10.29,12.1,2,3.27,2,0
32,73,415,285,0,0,0,214.3,145,36.43,268.5,135,22.82,241.2,92,10.85,10.8,13,2.92,1,0
37,38,415,2493,0,0,0,194.4,94,33.05,186.7,95,15.87,223.3,90,10.05,10.8,5,2.92,3,0
3,86,408,4067,0,1,31,167.6,139,28.49,113.0,118,9.61,246.9,121,11.11,12.2,6,3.29,1,0
9,93,415,47,0,0,0,151.4,89,25.74,186.4,76,15.84,172.5,120,7.76,10.9,3,2.94,0,0
19,118,408,863,1,0,0,160.0,123,27.2,175.4,96,14.91,184.8,99,8.32,9.9,3,2.67,2,0
50,139,415,543,0,0,0,192.8,104,32.78,234.4,96,19.92,203.2,101,9.14,13.0,3,3.51,3,0
47,83,415,2186,0,0,0,221.4,103,37.64,231.8,103,19.7,122.5,100,5.51,9.8,5,2.65,3,0
41,144,408,628,0,1,48,189.8,96,32.27,123.4,67,10.49,214.2,106,9.64,6.5,2,1.76,2,1
23,81,415,2176,0,0,0,198.4,93,33.73,210.9,108,17.93,193.3,71,8.7,10.4,6,2.81,2,0
48,96,510,827,0,1,18,172.7,86,29.36,133.4,113,11.34,259.5,70,11.68,9.8,3,2.65,1,0
20,67,415,129,0,0,0,171.7,80,29.19,110.4,81,9.38,195.4,111,8.79,11.9,4,3.21,2,0
46,113,415,4833,0,0,0,272.1,111,46.26,268.5,118,22.82,213.8,105,9.62,8.5,10,2.3,1,1
15,122,408,467,0,0,0,296.4,99,50.39,214.8,89,18.26,133.9,107,6.03,11.4,3,3.08,4,1
43,110,415,3785,0,1,38,236.3,102,40.17,195.9,112,16.65,183.5,82,8.26,9.7,6,2.62,1,0
10,103,415,2823,0,1,28,121.0,105,20.57,270.4,100,22.98,160.5,76,7.22,7.7,4,2.08,2,0
3,83,415,3828,0,1,41,155.9,122,26.5,162.3,107,13.8,127.6,105,5.74,13.1,5,3.54,3,0
2,79,408,4140,0,0,0,152.2,112,25.87,177.2,132,15.06,96.4,87,4.34,5.3,3,1.43,1,0
21,31,415,2305,0,0,0,166.1,105,28.24,79.3,93,6.74,213.7,98,9.62,12.7,2,3.43,1,0
40,90,408,4220,0,1,29,150.1,109,25.52,264.7,103,22.5,178.4,97,8.03,5.8,4,1.57,1,0
3,90,415,4981,0,0,0,179.2,77,30.46,210.7,99,17.91,276.9,58,12.46,9.2,6,2.48,2,0
28,79,408,1872,0,0,0,205.7,123,34.97,214.5,108,18.23,226.1,106,10.17,6.7,18,1.81,1,0
41,137,510,2394,0,0,0,242.1,118,41.16,191.0,93,16.24,218.6,50,9.84,14.7,2,3.97,3,0
48,16,510,4092,0,0,0,229.6,78,39.03,205.7,108,17.48,166.2,91,7.48,10.8,2,2.92,0,1
17,119,510,4455,0,0,0,222.8,122,37.88,163.2,107,13.87,160.6,112,7.23,11.2,6,3.02,1,0
43,145,415,1253,0,0,0,187.9,110,31.94,197.0,117,16.75,167.0,108,7.52,4.8,4,1.3,2,0
19,129,510,4249,1,0,0,192.9,131,32.79,185.5,101,15.77,205.2,130,9.23,10.9,4,2.94,1,0
30,67,415,1462,0,1,40,104.9,65,17.83,216.3,93,18.39,217.4,128,9.78,9.6,9,2.59,1,0
48,85,408,2810,1,0,0,165.4,107,28.12,196.0,126,16.66,349.2,110,15.71,9.6,7,2.59,2,0
32,55,510,2855,0,0,0,286.7,100,48.74,134.4,121,11.42,192.9,122,8.68,6.9,5,1.86,2,0
7,11,415,813,0,1,28,190.6,86,32.4,220.1,122,18.71,180.3,80,8.11,6.0,3,1.62,3,0
47,109,415,1801,0,0,0,184.0,120,31.28,120.4,119,10.23,153.7,86,6.92,11.0,3,2.97,0,0
49,72,510,4806,0,1,33,96.6,59,16.42,315.4,98,26.81,163.3,117,7.35,6.2,4,1.67,4,1
10,117,510,1021,0,0,0,149.9,95,25.48,256.1,110,21.77,212.7,92,9.57,13.3,13,3.59,2,0
12,130,415,1787,0,0,0,150.4,119,25.57,230.5,99,19.59,186.3,76,8.38,12.3,4,3.32,1,0
22,109,415,3952,1,1,26,217.2,138,36.92,145.5,111,12.37,280.7,76,12.63,9.3,3,2.51,0,0
1,60,408,4456,1,1,29,265.9,113,45.2,215.8,94,18.34,108.1,82,4.86,14.0,12,3.78,0,1
13,148,510,4941,0,1,14,93.6,137,15.91,193.8,72,16.47,144.9,84,6.52,17.5,5,4.73,1,0
25,96,510,4901,0,0,0,98.2,100,16.69,307.2,88,26.11,182.5,120,8.21,7.6,1,2.05,2,0
48,41,408,4325,0,0,0,202.9,97,34.49,153.8,104,13.07,113.5,92,5.11,9.0,3,2.43,3,0
22,30,510,3345,0,0,0,227.4,88,38.66,182.5,100,15.51,191.7,134,8.63,12.5,3,3.38,0,0
7,100,510,3967,1,0,0,68.5,110,11.65,337.1,115,28.65,205.2,99,9.23,12.1,9,3.27,0,0
6,31,415,3308,0,1,31,100.1,54,17.02,246.3,97,20.94,255.0,131,11.48,5.9,3,1.59,0,0
10,44,510,4866,0,0,0,288.1,112,48.98,258.0,92,21.93,192.4,90,8.66,10.2,4,2.75,3,1
31,123,408,455,0,0,0,159.5,77,27.12,303.8,92,25.82,226.9,120,10.21,12.0,4,3.24,0,0
23,186,415,420,0,1,26,74.3,107,12.63,177.3,116,15.07,296.3,90,13.33,14.5,3,3.92,2,0
41,114,415,1270,0,1,36,309.9,90,52.68,200.3,89,17.03,183.5,105,8.26,14.2,2,3.83,1,0
21,165,408,1179,0,0,0,150.5,75,25.59,193.1,93,16.41,311.6,93,14.02,10.3,2,2.78,1,0
2,110,408,2398,0,0,0,55.3,102,9.4,164.7,124,14.0,200.7,108,9.03,10.2,5,2.75,1,0
36,101,408,925,0,0,0,89.7,118,15.25,260.1,79,22.11,170.1,93,7.65,13.5,11,3.65,5,1
1,109,408,1776,0,0,0,218.9,105,37.21,299.9,87,25.49,158.6,110,7.14,11.3,4,3.05,2,0
38,82,408,1693,0,0,0,125.7,96,21.37,207.6,137,17.65,183.1,103,8.24,12.9,2,3.48,1,0
27,63,415,1053,0,1,29,142.3,107,24.19,118.7,56,10.09,240.1,91,10.8,6.6,8,1.78,1,0
16,110,415,2880,1,0,0,293.3,79,49.86,188.5,90,16.02,266.9,91,12.01,14.5,4,3.92,0,1
10,76,415,2343,0,0,0,299.5,125,50.92,226.7,92,19.27,210.7,134,9.48,13.7,4,3.7,0,1
24,36,408,2903,0,0,0,177.9,129,30.24,224.6,87,19.09,306.3,102,13.78,10.8,6,2.92,2,0
16,121,408,2391,0,0,0,150.7,105,25.62,197.3,133,16.77,169.0,116,7.61,9.2,15,2.48,1,0
8,119,415,951,0,0,0,176.8,90,30.06,224.7,81,19.1,204.6,77,9.21,7.5,15,2.03,1,0
0,110,408,3581,0,0,0,100.1,90,17.02,233.3,93,19.83,204.4,57,9.2,11.1,8,3.0,3,0
21,176,415,4283,0,0,0,223.2,76,37.94,214.4,131,18.22,154.4,80,6.95,10.1,2,2.73,3,0
48,165,510,3944,0,0,0,154.2,91,26.21,268.6,108,22.83,188.8,99,8.5,10.9,4,2.94,6,0
26,163,510,3731,0,1,23,160.0,104,27.2,189.4,64,16.1,229.9,118,10.35,10.4,7,2.81,1,0
49,115,510,4936,1,0,0,249.9,95,42.48,242.5,104,20.61,151.7,121,6.83,15.3,6,4.13,1,1
17,91,415,161,1,0,0,145.0,89,24.65,175.8,102,14.94,223.7,151,10.07,16.7,3,4.51,2,1
32,87,510,4720,1,0,0,167.3,119,28.44,198.5,119,16.87,133.1,88,5.99,11.0,6,2.97,1,0
34,41,415,3469,0,0,0,209.9,105,35.68,121.9,105,10.36,253.7,104,11.42,9.6,4,2.59,1,0
18,115,415,3074,0,1,26,170.5,107,28.99,217.2,77,18.46,225.7,71,10.16,13.6,5,3.67,6,0
46,38,415,4692,0,0,0,137.8,86,23.43,286.3,76,24.34,167.0,77,7.52,14.1,3,3.81,2,0
33,69,510,3660,1,1,33,271.5,98,46.16,253.4,102,21.54,165.4,85,7.44,8.2,2,2.21,1,1
35,61,510,10,1,1,16,143.5,76,24.4,242.6,58,20.62,147.7,95,6.65,11.3,3,3.05,0,0
27,64,510,717,1,1,33,127.2,93,21.62,162.9,104,13.85,247.4,109,11.13,8.1,13,2.19,0,0
24,58,415,1392,0,0,0,149.4,145,25.4,196.5,105,16.7,209.5,108,9.43,14.9,3,4.02,1,0
20,42,408,540,0,0,0,196.5,89,33.41,241.3,123,20.51,143.2,105,6.44,4.0,7,1.08,0,0
19,160,408,3121,0,0,0,166.8,109,28.36,236.0,117,20.06,307.6,77,13.84,9.3,1,2.51,1,0
21,66,408,2635,0,1,26,254.9,108,43.33,243.2,135,20.67,190.8,95,8.59,5.4,3,1.46,2,0
7,103,510,3049,0,1,31,107.7,124,18.31,188.9,104,16.06,196.2,98,8.83,8.9,3,2.4,0,0
3,87,510,4,0,0,0,110.9,91,18.85,158.5,115,13.47,207.5,131,9.34,6.2,5,1.67,1,0
11,149,510,3457,0,0,0,166.6,61,28.32,218.8,107,18.6,208.3,131,9.37,8.2,6,2.21,7,0
46,73,408,4727,0,0,0,213.0,95,36.21,188.8,104,16.05,136.2,89,6.13,13.5,3,3.65,0,0
11,72,415,4363,0,0,0,109.1,97,18.55,115.7,96,9.83,295.8,84,13.31,8.3,6,2.24,0,0
20,86,408,80,0,0,0,226.3,88,38.47,223.0,107,18.96,255.6,92,11.5,13.0,3,3.51,4,0
35,56,408,1133,0,0,0,91.1,90,15.49,179.3,115,15.24,300.7,89,13.53,11.9,8,3.21,2,0
23,150,415,3441,0,1,28,174.4,75,29.65,169.9,80,14.44,201.6,130,9.07,11.0,4,2.97,1,0
25,114,415,3238,0,1,34,154.4,109,26.25,221.4,142,18.82,208.5,103,9.38,10.3,5,2.78,0,0
32,122,408,2271,0,1,33,174.9,103,29.73,248.2,105,21.1,164.6,116,7.41,13.5,3,3.65,1,1
46,85,415,377,0,0,0,176.4,122,29.99,224.9,123,19.12,219.6,50,9.88,11.5,1,3.11,1,0
35,137,408,34,0,0,0,144.0,90,24.48,181.6,100,15.44,128.1,93,5.76,12.3,2,3.32,0,0
33,138,510,3567,0,0,0,171.4,117,29.14,115.2,128,9.79,224.5,115,10.1,17.0,4,4.59,3,0
42,70,510,3547,0,0,0,126.3,99,21.47,141.6,106,12.04,255.9,96,11.52,9.6,2,2.59,0,0
34,181,408,702,0,0,0,143.3,91,24.36,195.5,58,16.62,223.3,95,10.05,6.0,7,1.62,1,0
24,168,415,658,0,1,42,97.4,57,16.56,203.6,98,17.31,173.9,124,7.83,11.4,2,3.08,2,0
34,104,415,571,0,0,0,156.2,93,26.55,193.0,54,16.41,222.7,94,10.02,13.1,5,3.54,1,0
35,102,415,788,0,0,0,114.8,125,19.52,81.9,126,6.96,304.3,101,13.69,12.0,4,3.24,0,0
45,99,415,3824,0,1,42,216.0,125,36.72,232.3,104,19.75,215.5,100,9.7,9.3,4,2.51,2,1
46,119,510,3962,0,0,0,190.4,74,32.37,215.6,113,18.33,161.2,111,7.25,10.0,1,2.7,2,0
23,139,510,1609,0,1,25,96.2,112,16.35,178.9,70,15.21,182.1,84,8.19,12.9,10,3.48,2,0
0,50,408,1843,0,0,0,183.6,107,31.21,58.6,118,4.98,202.6,99,9.12,8.7,3,2.35,1,0
10,92,510,2497,0,0,0,208.0,125,35.36,198.9,76,16.91,76.4,97,3.44,8.6,6,2.32,0,0
44,82,510,4149,1,0,0,208.8,101,35.5,213.7,87,18.16,175.1,86,7.88,12.4,6,3.35,3,0
9,109,408,2317,0,0,0,217.0,115,36.89,207.0,142,17.6,268.0,106,12.06,8.2,4,2.21,1,0
28,98,510,1063,0,0,0,187.2,127,31.82,195.6,88,16.63,181.8,129,8.18,5.1,4,1.38,1,0
13,118,415,415,0,0,0,140.4,112,23.87,187.1,60,15.9,207.9,155,9.36,7.9,1,2.13,0,0
44,105,415,3030,0,0,0,106.4,71,18.09,240.1,83,20.41,147.7,114,6.65,5.3,4,1.43,6,1
32,119,415,1305,1,1,15,160.0,95,27.2,209.5,110,17.81,82.3,107,3.7,8.7,5,2.35,5,1
9,75,510,3514,0,1,26,118.5,86,20.15,213.9,118,18.18,132.6,99,5.97,13.4,3,3.62,2,0
29,154,415,1889,0,0,0,191.4,93,32.54,205.4,119,17.46,205.7,121,9.26,10.2,3,2.75,3,0
16,36,510,2160,0,0,0,178.6,83,30.36,213.1,103,18.11,198.0,119,8.91,10.9,5,2.94,1,0
37,177,408,3418,0,0,0,84.9,77,14.43,257.5,109,21.89,210.5,66,9.47,7.5,5,2.03,2,0
48,91,510,3696,0,0,0,217.9,71,37.04,230.1,116,19.56,232.1,110,10.44,10.6,2,2.86,1,0
43,64,415,2869,0,0,0,168.0,116,28.56,192.4,94,16.35,166.5,98,7.49,10.1,3,2.73,2,0
23,122,415,1796,0,0,0,140.1,120,23.82,231.4,128,19.67,188.1,127,8.46,11.2,5,3.02,2,0
23,138,415,3178,0,0,0,194.3,83,33.03,189.9,97,16.14,232.2,102,10.45,9.0,3,2.43,5,0
19,132,415,4101,0,0,0,117.6,66,19.99,214.0,108,18.19,239.5,94,10.78,8.8,5,2.38,1,0
30,55,408,2407,0,1,20,189.3,95,32.18,118.6,113,10.08,250.2,102,11.26,12.5,4,3.38,2,0
50,95,415,677,0,1,39,260.8,130,44.34,213.4,111,18.14,195.6,97,8.8,10.1,5,2.73,1,0
12,42,415,1070,0,0,0,155.4,127,26.42,164.1,45,13.95,157.7,128,7.1,9.0,3,2.43,0,0
9,55,510,1945,0,1,45,130.5,114,22.19,208.4,94,17.71,141.6,114,6.37,11.0,5,2.97,4,1
26,28,415,1606,0,0,0,121.7,48,20.69,125.8,112,10.69,261.6,122,11.77,8.3,2,2.24,6,1
27,58,510,2478,0,0,0,112.2,95,19.07,209.6,108,17.82,260.9,78,11.74,13.9,1,3.75,0,1
40,109,415,3183,0,1,46,217.5,123,36.98,233.7,84,19.86,163.9,99,7.38,9.0,3,2.43,4,0
37,66,408,1107,0,0,0,87.6,76,14.89,262.0,111,22.27,184.6,125,8.31,9.2,5,2.48,1,0
41,139,510,212,0,0,0,196.0,135,33.32,186.0,146,15.81,153.0,92,6.89,9.8,1,2.65,3,0
26,10,510,2442,0,0,0,183.0,103,31.11,214.8,77,18.26,206.4,73,9.29,8.7,6,2.35,2,0
29,89,415,4906,0,1,29,163.5,80,27.8,274.8,136,23.36,381.9,147,17.19,7.5,5,2.03,2,0
42,114,510,836,0,0,0,172.0,145,29.24,276.4,101,23.49,193.7,100,8.72,10.1,9,2.73,1,0
20,73,510,710,0,0,0,254.7,80,43.3,90.2,79,7.67,153.4,60,6.9,10.6,8,2.86,0,0
38,106,408,4008,1,0,0,133.7,45,22.73,187.8,107,15.96,181.9,89,8.19,10.7,2,2.89,1,1
17,71,510,3963,0,1,22,141.4,107,24.04,163.0,105,13.86,220.0,99,9.9,5.6,3,1.51,2,0
46,73,415,4568,0,0,0,217.8,91,37.03,220.6,97,18.75,277.3,89,12.48,10.3,6,2.78,1,1
6,115,415,620,0,0,0,245.0,97,41.65,250.7,75,21.31,270.2,124,12.16,13.7,8,3.7,1,1
45,94,415,2982,1,0,0,235.6,131,40.05,194.8,107,16.56,170.6,93,7.68,8.6,4,2.32,1,0
31,45,510,4507,0,0,0,155.7,110,26.47,260.3,103,22.13,192.2,98,8.65,11.0,1,2.97,1,0
34,40,510,2682,0,0,0,115.7,105,19.67,127.8,113,10.86,107.5,91,4.84,9.3,6,2.51,1,0
30,133,408,3848,0,0,0,162.1,91,27.56,212.1,94,18.03,260.4,78,11.72,12.2,5,3.29,1,0
18,99,510,2728,0,0,0,142.3,89,24.19,204.5,95,17.38,203.1,114,9.14,9.1,1,2.46,0,0
14,89,415,2752,1,1,19,112.6,114,19.14,261.7,132,22.24,123.5,116,5.56,11.1,2,3.0,0,1
46,122,415,3078,0,0,0,136.7,115,23.24,243.1,137,20.66,188.9,110,8.5,8.6,4,2.32,0,0
27,172,408,193,0,1,47,274.9,102,46.73,186.6,118,15.86,245.0,123,11.03,8.8,2,2.38,1,0
10,160,415,443,0,0,0,174.3,105,29.63,171.3,107,14.56,220.8,131,9.94,8.3,2,2.24,0,0
44,105,415,3563,0,1,40,236.5,111,40.21,117.0,110,9.95,221.1,115,9.95,8.1,3,2.19,2,0
20,76,415,3829,1,0,0,273.3,66,46.46,263.6,121,22.41,165.2,84,7.43,12.0,7,3.24,1,1
47,104,415,3265,0,0,0,139.7,78,23.75,202.6,119,17.22,203.6,102,9.16,11.3,5,3.05,2,0
13,42,415,1863,0,0,0,92.2,108,15.67,211.2,120,17.95,129.1,73,5.81,13.1,6,3.54,1,0
12,81,510,2561,0,0,0,261.4,141,44.44,215.7,102,18.33,271.8,96,12.23,8.0,6,2.16,1,1
21,99,415,1058,0,0,0,222.4,102,37.81,185.8,89,15.79,237.7,81,10.7,12.0,8,3.24,2,0
43,159,415,3902,0,0,0,87.7,103,14.91,278.2,97,23.65,170.6,93,7.68,10.5,10,2.84,1,0
20,102,415,1162,0,0,0,271.1,80,46.09,172.0,133,14.62,169.2,105,7.61,10.3,5,2.78,1,0
22,135,415,3417,0,0,0,239.9,91,40.78,177.1,104,15.05,217.2,118,9.77,5.9,3,1.59,2,0
4,37,415,923,0,0,0,191.1,69,32.49,129.2,113,10.98,207.5,117,9.34,12.9,1,3.48,0,0
49,94,415,1351,0,0,0,85.9,113,14.6,226.7,91,19.27,279.6,110,12.58,15.6,16,4.21,0,0
46,94,408,1706,0,0,0,118.7,90,20.18,205.1,57,17.43,172.2,100,7.75,10.4,6,2.81,3,0
7,148,415,4015,0,1,38,209.2,110,35.56,116.6,73,9.91,109.6,105,4.93,16.5,4,4.46,2,0
14,90,415,2650,0,1,29,185.6,106,31.55,219.7,113,18.67,152.1,120,6.84,11.1,5,3.0,2,0
50,131,510,4300,0,0,0,110.9,74,18.85,115.6,90,9.83,190.5,114,8.57,15.8,9,4.27,1,0
41,138,510,1200,0,0,0,127.1,102,21.61,247.7,106,21.05,207.7,75,9.35,5.0,3,1.35,3,0
1,92,408,2303,0,1,38,242.2,96,41.17,159.7,144,13.57,210.0,108,9.45,8.9,1,2.4,1,0
38,174,415,1345,0,1,15,221.8,143,37.71,210.6,115,17.9,221.8,109,9.98,12.4,9,3.35,1,0
13,114,415,2792,0,0,0,202.1,100,34.36,195.7,102,16.63,291.8,120,13.13,13.3,5,3.59,2,0
9,144,510,2952,0,0,0,278.5,95,47.35,240.7,90,20.46,120.0,90,5.4,11.6,5,3.13,1,1
20,54,415,4279,0,0,0,273.8,113,46.55,119.6,156,10.17,267.6,117,12.04,11.7,3,3.16,1,0
33,96,408,2489,0,0,0,197.7,68,33.61,250.5,53,21.29,181.2,67,8.15,10.5,3,2.84,3,0
35,146,415,1631,0,0,0,169.5,93,28.82,230.9,71,19.63,269.8,115,12.14,9.0,7,2.43,2,0
40,102,408,2129,0,0,0,174.5,73,29.67,213.7,114,18.16,164.7,116,7.41,10.3,5,2.78,4,0
24,76,510,4810,0,0,0,129.7,84,22.05,177.5,80,15.09,228.9,87,10.3,7.5,3,2.03,5,1
21,36,510,413,0,1,25,152.8,110,25.98,242.8,67,20.64,147.4,74,6.63,9.1,2,2.46,1,0
39,134,415,4517,0,0,0,141.7,95,24.09,205.6,101,17.48,218.5,60,9.83,8.8,6,2.38,0,0
11,79,415,365,0,0,0,41.9,124,7.12,211.0,95,17.94,237.9,55,10.71,11.4,5,3.08,1,0
26,71,510,1858,0,1,23,175.7,82,29.87,258.9,136,22.01,268.4,154,12.08,14.1,7,3.81,1,0
50,93,408,1749,0,1,42,166.9,101,28.37,273.2,84,23.22,171.0,106,7.69,11.5,1,3.11,1,0
23,115,510,3286,1,0,0,122.0,110,20.74,220.2,100,18.72,179.7,124,8.09,10.8,2,2.92,2,1
49,92,415,1770,0,1,47,141.6,95,24.07,207.9,130,17.67,203.6,95,9.16,10.2,11,2.75,0,0
41,93,415,291,0,0,0,176.1,103,29.94,199.7,130,16.97,263.9,96,11.88,8.5,6,2.3,2,0
23,117,408,2380,0,0,0,161.6,104,27.47,196.3,119,16.69,294.8,111,13.27,13.8,2,3.73,1,0
50,54,408,4115,0,1,39,143.9,73,24.46,210.3,117,17.88,129.2,117,5.81,12.5,8,3.38,2,0
24,85,510,2907,0,0,0,165.8,96,28.19,190.0,141,16.15,144.0,116,6.48,10.9,3,2.94,5,1
48,67,510,4730,0,0,0,109.1,134,18.55,142.3,76,12.1,91.2,86,4.1,10.9,5,2.94,2,0
34,99,415,3068,0,0,0,145.6,102,24.75,230.9,87,19.63,181.5,86,8.17,11.4,7,3.08,1,0
40,140,510,1065,0,1,28,157.1,77,26.71,172.4,97,14.65,184.5,94,8.3,11.1,9,3.0,1,0
41,91,415,1590,0,0,0,153.0,123,26.01,141.1,127,11.99,171.5,76,7.72,10.3,15,2.78,1,1
31,84,415,4485,0,0,0,190.2,102,32.33,197.7,141,16.8,247.5,102,11.14,9.8,6,2.65,2,0
36,110,510,1527,0,0,0,188.0,127,31.96,90.5,118,7.69,150.3,64,6.76,15.3,3,4.13,3,0
48,73,415,4850,0,0,0,157.1,109,26.71,268.8,83,22.85,181.5,91,8.17,10.0,8,2.7,0,0
22,126,415,3479,1,1,26,129.3,123,21.98,176.5,114,15.0,154.5,102,6.95,9.6,7,2.59,1,0
25,107,510,1318,0,1,30,198.9,87,33.81,207.0,90,17.6,159.8,76,7.19,12.6,4,3.4,3,0
39,131,415,1726,0,0,0,112.8,133,19.18,199.4,116,16.95,142.7,105,6.42,10.1,5,2.73,0,0
40,49,415,682,1,0,0,237.8,92,40.43,208.9,119,17.76,167.8,86,7.55,15.6,6,4.21,2,1
17,43,408,4762,0,0,0,177.2,93,30.12,142.6,60,12.12,314.1,144,14.13,12.7,2,3.43,4,0
26,101,408,1821,0,1,16,118.9,112,20.21,228.3,97,19.41,180.1,111,8.1,8.2,5,2.21,2,0
26,124,415,4900,0,1,30,144.5,35,24.57,262.3,101,22.3,226.5,82,10.19,12.0,7,3.24,2,0
15,86,510,1603,0,0,0,216.3,96,36.77,266.3,77,22.64,214.0,110,9.63,4.5,3,1.22,0,0
37,33,415,896,1,0,0,190.6,100,32.4,161.7,104,13.74,189.9,136,8.55,13.0,6,3.51,1,0
36,86,415,3543,0,1,33,253.1,112,43.03,210.1,94,17.86,95.0,98,4.27,11.9,4,3.21,3,0
14,134,408,2873,0,0,0,183.8,111,31.25,123.5,92,10.5,160.7,105,7.23,6.1,2,1.65,1,0
37,92,415,3091,0,0,0,196.5,82,33.41,190.0,89,16.15,163.2,99,7.34,10.8,2,2.92,2,0
41,108,415,3314,0,0,0,240.2,78,40.83,230.3,109,19.58,217.0,83,9.76,5.2,1,1.4,2,0
10,64,408,1525,0,0,0,124.1,117,21.1,192.8,108,16.39,162.9,84,7.33,6.4,5,1.73,3,0
46,120,415,617,0,0,0,149.2,98,25.36,193.6,88,16.46,248.9,119,11.2,11.1,5,3.0,1,0
45,67,415,159,0,0,0,138.9,65,23.61,208.9,109,17.76,232.4,82,10.46,9.2,3,2.48,2,0
7,121,408,2124,0,0,0,168.6,121,28.66,168.6,94,14.33,95.3,59,4.29,12.3,4,3.32,1,0
0,132,510,987,0,0,0,181.1,121,30.79,314.4,109,26.72,246.7,81,11.1,4.2,9,1.13,2,0
25,136,415,1104,0,1,24,174.6,76,29.68,176.6,114,15.01,214.4,91,9.65,8.8,5,2.38,2,0
29,105,408,16,0,0,0,162.3,99,27.59,212.5,95,18.06,214.7,114,9.66,11.1,8,3.0,4,0
31,60,408,411,0,0,0,289.8,101,49.27,255.6,115,21.73,242.8,76,10.93,11.7,4,3.16,2,1
15,94,510,1742,0,0,0,245.0,112,41.65,180.4,91,15.33,262.9,105,11.83,9.7,6,2.62,1,0
6,146,408,2745,0,1,23,149.6,96,25.43,239.8,124,20.38,293.5,135,13.21,7.4,4,2.0,2,0
45,92,510,4421,1,0,0,252.3,120,42.89,207.0,112,17.6,284.6,95,12.81,12.0,5,3.24,3,1
46,48,415,2939,0,0,0,197.7,64,33.61,136.7,126,11.62,244.4,81,11.0,13.2,5,3.56,4,0
29,126,415,3110,0,0,0,249.8,96,42.47,261.9,92,22.26,166.8,108,7.51,12.7,4,3.43,3,1
16,119,415,2950,0,0,0,231.5,82,39.36,266.9,97,22.69,211.0,118,9.49,7.4,10,2.0,1,0
28,166,510,968,0,0,0,197.9,89,33.64,251.0,113,21.34,138.3,85,6.22,11.2,2,3.02,2,0
14,156,415,832,0,0,0,174.5,65,29.67,197.4,116,16.78,238.5,86,10.73,10.6,2,2.86,0,0
47,110,415,4785,0,0,0,241.2,105,41.0,174.3,85,14.82,245.3,59,11.04,8.5,4,2.3,2,0
1,8,415,4943,0,1,36,242.9,67,41.29,170.9,59,14.53,177.3,130,7.98,4.8,12,1.3,1,0
9,22,415,2669,0,0,0,181.8,108,30.91,198.6,148,16.88,206.6,96,9.3,9.3,3,2.51,2,0
47,56,415,432,0,1,29,37.7,115,6.41,144.1,111,12.25,226.6,101,10.2,4.9,3,1.32,1,0
26,119,510,2438,0,0,0,134.9,70,22.93,211.5,74,17.98,188.5,105,8.48,11.3,6,3.05,1,0
39,63,415,2025,1,0,0,62.9,112,10.69,202.9,111,17.25,259.0,58,11.66,8.9,8,2.4,1,0
9,85,408,4643,0,1,33,207.9,95,35.34,233.5,88,19.85,221.3,92,9.96,13.5,3,3.65,1,0
0,146,415,3654,0,0,0,195.9,86,33.3,228.6,82,19.43,303.5,94,13.66,12.2,4,3.29,3,0
49,74,510,3396,0,0,0,124.0,102,21.08,262.1,101,22.28,268.2,98,12.07,11.7,2,3.16,2,0
25,98,415,486,1,1,23,245.5,54,41.74,292.7,83,24.88,184.0,90,8.28,10.8,7,2.92,1,0
1,119,415,4050,0,0,0,98.8,97,16.8,146.9,68,12.49,190.7,105,8.58,10.0,4,2.7,3,0
23,124,510,2297,1,0,0,157.8,71,26.83,203.2,114,17.27,168.7,82,7.59,10.0,2,2.7,3,1
13,101,510,4153,0,1,17,193.9,71,32.96,189.8,81,16.13,196.3,97,8.83,12.6,7,3.4,0,0
38,176,415,4984,0,0,0,169.5,151,28.82,112.9,84,9.6,56.6,99,2.55,8.7,4,2.35,0,0
45,118,408,4022,0,0,0,154.8,71,26.32,244.0,73,20.74,159.6,81,7.18,12.8,4,3.46,0,0
24,101,415,4769,1,0,0,133.5,51,22.7,219.6,96,18.67,210.0,74,9.45,11.7,4,3.16,1,0
9,105,415,1621,0,0,0,273.8,97,46.55,289.7,106,24.62,269.1,126,12.11,5.8,3,1.57,2,1
17,71,415,4585,0,0,0,104.0,92,17.68,197.0,125,16.75,110.1,123,4.95,14.6,8,3.94,0,0
45,112,408,2763,0,1,29,198.8,122,33.8,238.6,114,20.28,289.5,69,13.03,11.5,5,3.11,1,0
49,64,415,1576,0,1,22,200.4,80,34.07,131.1,84,11.14,230.7,67,10.38,7.6,5,2.05,1,0
45,123,408,3088,0,0,0,154.3,107,26.23,183.0,111,15.56,54.0,134,2.43,10.9,8,2.94,0,0
13,68,510,4009,0,1,30,122.9,93,20.89,233.5,91,19.85,199.5,144,8.98,9.6,2,2.59,2,0
40,99,510,3858,1,1,39,126.8,94,21.56,293.6,115,24.96,174.1,91,7.83,8.4,4,2.27,0,0
49,21,415,248,0,0,0,91.9,109,15.62,198.4,111,16.86,171.7,125,7.73,13.0,7,3.51,2,0
5,90,408,2290,0,0,0,109.9,102,18.68,220.8,114,18.77,104.0,133,4.68,10.9,6,2.94,0,0
48,89,415,2383,0,0,0,326.3,112,55.47,165.1,110,14.03,162.9,97,7.33,7.5,1,2.03,1,1
23,40,510,1204,0,0,0,81.7,123,13.89,210.2,108,17.87,212.0,64,9.54,11.3,3,3.05,6,1
20,120,415,4731,0,1,40,128.1,99,21.78,247.7,78,21.05,199.7,121,8.99,15.6,3,4.21,0,0
41,183,415,2328,0,1,31,171.2,104,29.1,193.6,74,16.46,196.5,85,8.84,10.2,4,2.75,1,0
13,88,415,2977,0,0,0,55.6,65,9.45,242.7,121,20.63,176.3,134,7.93,11.3,4,3.05,0,0
45,138,415,1702,0,0,0,251.0,119,42.67,91.2,96,7.75,142.2,87,6.4,13.8,3,3.73,3,0
42,3,510,4226,1,0,0,161.0,96,27.37,244.9,82,20.82,180.8,103,8.14,7.7,6,2.08,1,0
47,48,510,29,0,0,0,149.2,146,25.36,161.9,109,13.76,197.9,109,8.91,8.3,2,2.24,3,0
43,80,510,2946,0,1,22,196.4,115,33.39,150.3,109,12.78,176.2,75,7.93,9.3,1,2.51,0,0
19,96,415,1712,0,0,0,173.9,111,29.56,287.4,105,24.43,204.8,91,9.22,9.1,7,2.46,1,0
46,138,415,1418,0,0,0,230.1,107,39.12,212.0,120,18.02,174.9,119,7.87,13.2,4,3.56,1,0
46,43,408,210,0,0,0,135.8,125,23.09,163.2,88,13.87,229.8,106,10.34,12.6,3,3.4,0,0
45,44,408,1539,0,0,0,204.6,117,34.78,205.2,94,17.44,164.6,84,7.41,10.7,5,2.89,0,0
21,174,415,3637,0,0,0,190.3,98,32.35,252.7,70,21.48,220.6,97,9.93,7.2,9,1.94,2,0
40,19,510,4272,0,0,0,259.4,116,44.1,269.7,109,22.92,175.3,130,7.89,9.5,3,2.57,1,1
23,117,408,2651,0,1,21,153.2,112,26.04,263.3,110,22.38,135.0,85,6.08,11.9,7,3.21,1,0
7,66,415,4352,0,0,0,146.4,107,24.89,196.5,99,16.7,230.1,106,10.35,7.8,2,2.11,1,0
36,116,510,3426,0,0,0,205.0,90,34.85,140.9,114,11.98,272.6,96,12.27,7.5,4,2.03,2,0
20,106,415,4308,0,0,0,208.3,89,35.41,169.4,67,14.4,102.0,90,4.59,15.9,4,4.29,3,0
20,116,510,3762,1,1,27,175.5,137,29.84,210.6,60,17.9,294.8,121,13.27,6.9,5,1.86,1,0
41,104,408,4139,0,0,0,200.2,92,34.03,118.7,87,10.09,236.6,65,10.65,6.0,6,1.62,2,0
26,63,415,1555,0,1,33,184.2,111,31.31,312.6,89,26.57,264.0,55,11.88,12.2,4,3.29,1,0
49,137,510,2523,0,1,50,186.5,94,31.71,178.0,106,15.13,215.6,100,9.7,12.1,4,3.27,2,0
30,119,415,1678,0,1,19,178.1,110,30.28,212.8,100,18.09,226.3,123,10.18,10.0,6,2.7,1,0
22,158,415,1092,0,0,0,195.9,103,33.3,89.1,95,7.57,302.2,82,13.6,10.3,3,2.78,1,0
11,171,510,1806,0,0,0,189.8,122,32.27,173.7,85,14.76,257.1,84,11.57,10.3,1,2.78,0,0
0,55,408,1994,0,1,39,139.3,101,23.68,178.3,117,15.16,246.5,104,11.09,8.1,1,2.19,3,0
40,109,415,1725,0,0,0,222.5,74,37.83,169.7,75,14.42,264.3,94,11.89,9.0,3,2.43,2,0
45,107,510,132,0,1,27,283.4,104,48.18,224.1,152,19.05,241.3,63,10.86,14.4,7,3.89,2,0
22,76,510,4408,0,0,0,90.5,142,15.39,211.7,75,17.99,194.9,76,8.77,9.3,2,2.51,1,0
49,70,415,3909,0,0,0,214.8,87,36.52,131.0,114,11.14,216.9,104,9.76,9.4,3,2.54,3,0
43,130,408,3016,0,0,0,252.0,101,42.84,170.2,105,14.47,209.2,64,9.41,5.7,5,1.54,0,0
25,123,415,3200,1,0,0,125.5,106,21.34,128.9,96,10.96,251.9,129,11.34,6.3,6,1.7,4,1
30,161,415,1147,0,0,0,173.4,100,29.48,213.7,74,18.16,141.5,69,6.37,11.5,4,3.11,1,0
20,125,415,4066,0,0,0,224.9,102,38.23,143.8,87,12.22,198.9,105,8.95,8.0,2,2.16,0,0
21,28,415,3929,0,0,0,236.8,102,40.26,167.1,87,14.2,280.2,115,12.61,9.7,3,2.62,3,0
44,170,415,3659,0,0,0,285.7,44,48.57,167.5,144,14.24,260.0,97,11.7,8.7,4,2.35,1,1
8,97,415,3287,0,1,32,183.4,94,31.18,269.1,120,22.87,203.5,38,9.16,6.7,4,1.81,5,0
40,99,415,3949,0,0,0,174.1,102,29.6,99.1,118,8.42,211.6,126,9.52,7.7,2,2.08,2,0
19,58,408,4449,0,0,0,174.4,112,29.65,265.8,122,22.59,182.4,87,8.21,0.0,0,0.0,4,0
23,132,510,4152,0,0,0,121.5,88,20.66,253.0,124,21.51,195.7,120,8.81,10.7,4,2.89,1,0
15,72,510,3318,0,0,0,287.4,116,48.86,235.3,126,20.0,292.1,114,13.14,5.0,3,1.35,4,1
36,44,408,1653,0,0,0,288.8,86,49.1,175.9,87,14.95,215.4,106,9.69,9.5,2,2.57,0,1
37,82,415,3799,0,1,19,146.5,73,24.91,246.4,65,20.94,199.0,114,8.96,4.1,4,1.11,1,0
13,113,415,498,0,1,30,183.8,102,31.25,183.4,123,15.59,235.0,52,10.58,11.6,7,3.13,0,0
49,177,408,2557,0,0,0,227.8,81,38.73,161.8,97,13.75,217.0,106,9.76,8.0,5,2.16,1,0
22,148,415,2985,1,0,0,233.5,81,39.7,187.7,71,15.95,122.3,97,5.5,9.6,2,2.59,0,1
11,99,408,4563,0,0,0,135.7,107,23.07,208.4,103,17.71,209.0,95,9.4,8.8,3,2.38,7,1
46,128,408,874,0,0,0,227.9,130,38.74,302.6,71,25.72,191.5,82,8.62,5.5,7,1.49,1,1
49,95,415,1553,0,0,0,134.4,104,22.85,152.4,95,12.95,236.5,80,10.64,9.4,3,2.54,1,0
30,123,415,3600,0,1,22,197.6,105,33.59,80.0,86,6.8,120.8,82,5.44,15.6,12,4.21,2,0
39,39,408,4777,0,0,0,93.3,83,15.86,199.6,114,16.97,206.2,104,9.28,6.5,4,1.76,0,0
25,103,415,4472,0,0,0,129.3,103,21.98,202.8,89,17.24,233.0,126,10.49,12.9,2,3.48,2,0
45,90,408,853,0,0,0,222.0,93,37.74,187.0,103,15.9,282.3,124,12.7,12.4,6,3.35,2,0
8,114,415,1036,0,1,31,222.8,98,37.88,180.5,105,15.34,151.3,101,6.81,13.0,4,3.51,0,0
34,204,415,2315,0,0,0,174.3,85,29.63,254.1,95,21.6,176.4,96,7.94,5.9,3,1.59,6,0
24,174,510,784,0,0,0,235.5,108,40.04,142.3,143,12.1,316.7,131,14.25,12.5,5,3.38,0,0
2,129,415,2710,0,0,0,157.0,113,26.69,256.9,97,21.84,185.5,126,8.35,12.1,2,3.27,2,0
45,117,408,1880,0,0,0,97.1,98,16.51,228.0,131,19.38,240.0,111,10.8,10.6,3,2.86,1,0
41,27,510,1676,0,0,0,226.3,95,38.47,274.3,109,23.32,242.7,119,10.92,8.2,3,2.21,2,1
31,108,415,632,0,0,0,239.3,102,40.68,223.4,127,18.99,251.4,104,11.31,10.6,6,2.86,0,0
30,35,408,3458,0,0,0,138.1,115,23.48,158.2,82,13.45,215.7,118,9.71,10.3,2,2.78,5,1
14,123,408,525,0,0,0,114.8,94,19.52,150.0,104,12.75,268.6,119,12.09,9.6,4,2.59,2,0
2,54,415,511,0,0,0,247.5,85,42.08,225.4,93,19.16,244.3,132,10.99,10.2,2,2.75,2,1
40,36,408,1683,0,1,43,29.9,123,5.08,129.1,117,10.97,325.9,105,14.67,8.6,6,2.32,2,0
44,110,408,222,0,0,0,192.6,102,32.74,178.9,118,15.21,214.6,74,9.66,9.4,4,2.54,1,0
49,109,415,4072,0,0,0,180.0,100,30.6,229.0,103,19.47,139.4,105,6.27,7.8,8,2.11,3,0
8,53,415,4719,0,1,32,131.2,63,22.3,227.4,125,19.33,178.9,105,8.05,12.8,2,3.46,2,0
23,59,408,3063,0,1,32,211.9,120,36.02,202.9,136,17.25,213.5,95,9.61,8.8,5,2.38,1,0
47,143,510,1822,0,0,0,133.4,107,22.68,223.9,117,19.03,180.4,85,8.12,10.2,13,2.75,1,0
27,104,415,1572,0,1,18,182.1,66,30.96,213.6,65,18.16,193.0,108,8.69,13.4,9,3.62,2,0
36,112,415,0,0,0,0,166.0,79,28.22,74.6,100,6.34,247.9,74,11.16,6.3,7,1.7,0,0
22,142,415,1623,1,0,0,140.8,140,23.94,228.6,119,19.43,152.9,88,6.88,10.9,7,2.94,1,0
41,87,415,128,0,1,33,125.0,99,21.25,235.3,81,20.0,215.3,95,9.69,10.2,7,2.75,2,0
37,61,415,3192,0,0,0,234.2,76,39.81,216.7,108,18.42,130.6,122,5.88,13.9,2,3.75,1,0
7,99,415,3930,0,1,31,244.1,71,41.5,203.4,58,17.29,234.0,115,10.53,7.7,4,2.08,3,0
16,57,415,1816,0,0,0,158.1,117,26.88,115.2,149,9.79,182.4,92,8.21,11.8,7,3.19,0,0
3,192,415,4581,0,1,36,156.2,77,26.55,215.5,126,18.32,279.1,83,12.56,9.9,6,2.67,2,0
49,68,415,2237,0,0,0,231.1,57,39.29,153.4,55,13.04,191.3,123,8.61,9.6,4,2.59,3,0
24,138,510,1384,0,0,0,89.1,117,15.15,126.8,46,10.78,190.5,71,8.57,9.9,4,2.67,2,0
28,108,415,2295,0,0,0,112.6,86,19.14,114.9,101,9.77,177.8,119,8.0,7.2,6,1.94,3,0
49,66,415,2809,0,0,0,239.6,120,40.73,230.3,110,19.58,153.0,82,6.89,8.6,3,2.32,1,0
33,111,415,749,0,0,0,304.6,56,51.78,157.6,101,13.4,188.2,116,8.47,12.4,1,3.35,1,1
18,85,408,4337,0,0,0,209.1,57,35.55,110.7,111,9.41,113.3,113,5.1,12.8,4,3.46,1,0
45,82,415,446,0,0,0,172.4,112,29.31,131.7,89,11.19,182.8,78,8.23,8.8,9,2.38,1,0
16,112,415,2944,0,0,0,109.0,126,18.53,212.7,106,18.08,208.3,92,9.37,7.9,3,2.13,1,0
31,113,408,3946,1,0,0,122.4,98,20.81,223.8,116,19.02,267.5,148,12.04,11.6,5,3.13,3,0
13,140,510,4789,0,0,0,193.1,82,32.83,260.3,107,22.13,241.3,93,10.86,13.3,5,3.59,2,0
12,82,408,653,0,0,0,183.6,111,31.21,303.5,88,25.8,189.8,115,8.54,10.3,6,2.78,0,0
42,114,415,3048,0,0,0,108.3,95,18.41,168.3,104,14.31,153.1,109,6.89,9.1,2,2.46,1,0
9,119,415,1797,0,1,37,168.2,81,28.59,283.3,105,24.08,243.8,136,10.97,10.7,3,2.89,1,0
38,92,510,3675,0,0,0,185.9,111,31.6,216.8,93,18.43,231.0,58,10.4,8.5,2,2.3,1,0
10,107,408,1138,0,0,0,114.9,119,19.53,239.7,91,20.37,165.3,112,7.44,12.6,5,3.4,2,0
19,117,408,2399,0,0,0,240.2,110,40.83,187.9,65,15.97,152.7,102,6.87,7.0,19,1.89,3,0
31,127,510,2366,0,0,0,262.9,95,44.69,175.9,126,14.95,202.1,101,9.09,7.5,5,2.03,1,0
14,55,415,1073,0,0,0,203.7,80,34.63,230.2,112,19.57,120.3,48,5.41,9.4,1,2.54,3,0
22,143,415,1031,0,0,0,191.6,53,32.57,104.6,104,8.89,195.8,125,8.81,10.7,9,2.89,3,0
15,185,415,3746,0,0,0,89.4,77,15.2,288.9,128,24.56,162.9,93,7.33,10.4,2,2.81,3,0
50,63,415,3041,0,0,0,120.1,103,20.42,179.2,132,15.23,127.3,82,5.73,6.3,4,1.7,1,0
34,101,415,4817,0,0,0,229.8,97,39.07,217.8,133,18.51,243.5,53,10.96,8.9,2,2.4,1,0
8,148,510,4575,0,0,0,230.6,92,39.2,185.6,97,15.78,183.2,79,8.24,6.2,4,1.67,2,0
36,127,408,943,0,0,0,212.9,92,36.19,260.1,124,22.11,177.6,85,7.99,8.6,2,2.32,2,0
24,83,510,4362,0,0,0,133.9,82,22.76,169.6,105,14.42,222.8,114,10.03,11.7,4,3.16,0,0
18,59,415,2890,0,0,0,119.0,119,20.23,134.5,115,11.43,298.6,75,13.44,9.0,6,2.43,2,1
34,108,415,2878,0,1,19,312.4,98,53.11,271.4,122,23.07,162.6,91,7.32,10.1,6,2.73,0,0
41,106,408,3152,0,1,27,223.3,97,37.96,212.5,131,18.06,154.6,149,6.96,11.6,2,3.13,1,0
44,93,415,489,0,0,0,174.1,127,29.6,176.8,73,15.03,240.0,111,10.8,10.7,3,2.89,0,0
8,44,415,3013,0,0,0,225.6,118,38.35,135.4,122,11.51,190.1,96,8.55,12.1,5,3.27,1,0
33,139,510,3815,1,0,0,172.6,92,29.34,281.7,123,23.94,253.4,117,11.4,10.5,3,2.84,3,0
50,88,408,4468,0,0,0,166.4,97,28.29,186.7,118,15.87,251.6,89,11.32,14.5,4,3.92,0,0
38,142,408,885,1,1,23,102.2,103,17.37,229.7,110,19.52,176.3,100,7.93,9.0,4,2.43,1,0
49,3,408,655,0,0,0,182.9,87,31.09,172.1,103,14.63,233.1,89,10.49,12.1,3,3.27,4,0
33,100,415,4305,0,1,39,204.9,74,34.83,210.2,80,17.87,168.8,89,7.6,11.2,4,3.02,2,0
21,140,510,3,0,0,0,148.3,86,25.21,184.2,151,15.66,179.1,83,8.06,10.9,4,2.94,0,0
40,92,510,3467,0,0,0,183.7,103,31.23,270.6,97,23.0,132.9,104,5.98,11.2,2,3.02,0,0
1,120,415,2629,0,1,27,179.6,142,30.53,262.8,103,22.34,239.9,81,10.8,11.1,2,3.0,1,0
43,98,510,3069,0,0,0,86.1,78,14.64,222.7,130,18.93,155.0,124,6.98,9.0,7,2.43,0,0
24,87,510,3893,0,0,0,261.0,83,44.37,144.2,95,12.26,284.4,119,12.8,16.3,1,4.4,4,0
30,44,510,1716,0,1,25,152.9,106,25.99,205.5,147,17.47,247.3,107,11.13,8.0,5,2.16,1,0
13,89,415,2567,0,1,15,274.0,83,46.58,192.2,97,16.34,125.9,141,5.67,11.9,2,3.21,0,0
30,116,415,1932,0,0,0,215.6,127,36.65,105.5,110,8.97,291.7,80,13.13,11.2,7,3.02,3,0
1,116,408,1181,0,0,0,133.8,88,22.75,177.1,103,15.05,185.2,106,8.33,12.4,4,3.35,2,0
17,158,510,236,0,1,22,192.9,86,32.79,219.7,104,18.67,169.3,92,7.62,10.9,3,2.94,2,0
29,63,510,4902,0,0,0,81.7,105,13.89,203.0,66,17.26,181.2,109,8.15,12.9,3,3.48,2,0
9,115,510,2424,0,0,0,143.6,135,24.41,278.0,119,23.63,46.7,84,2.1,12.7,3,3.43,0,0
34,81,415,1379,0,0,0,140.8,97,23.94,211.5,109,17.98,216.9,53,9.76,12.2,4,3.29,0,0
48,77,408,3521,0,0,0,168.1,83,28.58,202.0,91,17.17,173.2,91,7.79,10.0,3,2.7,3,0
13,40,510,4479,0,0,0,146.4,105,24.89,196.4,143,16.69,235.6,123,10.6,9.4,3,2.54,3,0
26,83,408,2680,0,0,0,185.9,115,31.6,232.5,98,19.76,205.2,124,9.23,10.2,2,2.75,2,0
16,59,510,1047,0,1,45,71.2,113,12.1,233.7,95,19.86,139.3,129,6.27,14.0,12,3.78,1,0
21,167,510,1810,0,1,30,195.8,118,33.29,166.4,109,14.14,297.4,84,13.38,11.7,2,3.16,0,0
1,65,415,3500,0,0,0,144.3,109,24.53,331.3,89,28.16,155.3,69,6.99,11.8,15,3.19,3,0
34,115,408,3933,0,1,30,181.2,65,30.8,193.2,62,16.42,153.2,92,6.89,9.9,6,2.67,2,0
23,118,415,1332,0,0,0,161.6,96,27.47,223.9,113,19.03,240.6,137,10.83,6.8,2,1.84,0,0
45,58,408,1914,0,0,0,181.4,106,30.84,145.8,77,12.39,200.3,85,9.01,7.9,3,2.13,0,0
30,119,408,1708,0,0,0,215.1,105,36.57,249.4,104,21.2,249.9,83,11.25,10.8,8,2.92,2,0
15,49,415,3750,0,1,20,205.9,109,35.0,298.4,105,25.36,142.1,91,6.39,12.3,3,3.32,4,0
32,79,415,4717,0,0,0,187.3,108,31.84,177.1,72,15.05,269.2,135,12.11,9.5,3,2.57,3,0
10,84,408,3207,1,1,18,136.8,114,23.26,200.3,110,17.03,199.0,86,8.96,8.0,4,2.16,3,0
1,109,415,1607,0,0,0,168.0,103,28.56,190.8,100,16.22,196.9,65,8.86,7.1,4,1.92,0,0
41,129,408,805,0,0,0,52.2,93,8.87,128.8,117,10.95,141.7,63,6.38,9.4,12,2.54,1,0
34,68,415,497,0,0,0,267.9,80,45.54,145.4,143,12.36,273.3,119,12.3,14.9,1,4.02,3,1
30,81,415,2832,0,1,17,145.7,89,24.77,202.9,70,17.25,212.4,92,9.56,9.5,5,2.57,1,0
12,102,510,234,0,0,0,171.5,77,29.16,261.0,107,22.19,328.8,72,14.8,10.2,1,2.75,0,0
26,117,510,494,0,0,0,180.6,134,30.7,216.6,96,18.41,101.0,122,4.55,10.6,6,2.86,4,1
47,124,408,2883,0,0,0,282.8,108,48.08,246.3,89,20.94,256.4,96,11.54,10.3,1,2.78,3,1
4,142,415,1464,0,0,0,108.1,81,18.38,146.9,115,12.49,197.6,84,8.89,9.0,7,2.43,1,0
35,50,408,2816,0,0,0,167.7,74,28.51,179.9,98,15.29,166.5,73,7.49,10.9,2,2.94,1,0
31,60,415,1453,1,0,0,97.2,91,16.52,243.7,93,20.71,235.0,116,10.58,10.1,2,2.73,1,1
18,133,510,3127,0,0,0,172.2,81,29.27,214.9,123,18.27,184.3,90,8.29,11.1,6,3.0,3,0
40,94,408,4395,0,0,0,229.2,103,38.96,163.9,133,13.93,190.1,67,8.55,7.4,6,2.0,3,0
31,82,415,1273,0,1,33,247.4,106,42.06,167.1,110,14.2,207.6,113,9.34,6.8,1,1.84,5,0
23,120,415,768,0,1,31,211.0,117,35.87,238.7,77,20.29,184.5,99,8.3,14.0,8,3.78,1,0
3,102,510,2933,0,1,29,158.2,132,26.89,250.6,47,21.3,219.3,86,9.87,15.1,4,4.08,1,0
20,104,415,4588,0,0,0,153.7,86,26.13,160.3,78,13.63,176.6,140,7.95,9.6,8,2.59,1,0
43,104,510,4933,0,0,0,111.9,105,19.02,197.7,121,16.8,302.8,108,13.63,10.1,5,2.73,1,0
21,82,415,595,0,0,0,120.5,107,20.49,176.3,124,14.99,258.0,121,11.61,10.5,5,2.84,0,0
22,102,408,2757,0,0,0,167.1,80,28.41,222.9,94,18.95,179.9,103,8.1,11.6,3,3.13,5,0
40,106,510,2612,0,0,0,168.4,85,28.63,123.3,95,10.48,162.5,83,7.31,4.6,4,1.24,3,0
48,118,415,1556,0,0,0,142.2,96,24.17,164.9,107,14.02,183.7,92,8.27,7.1,4,1.92,1,0
30,138,415,1908,0,0,0,157.5,96,26.78,271.7,107,23.09,138.2,84,6.22,10.7,6,2.89,2,0
8,122,415,789,0,0,0,184.6,88,31.38,148.8,98,12.65,309.7,58,13.94,14.3,2,3.86,3,0
49,114,415,3801,0,0,0,247.8,95,42.13,255.1,98,21.68,224.1,105,10.08,9.5,6,2.57,1,1
20,47,415,3507,1,0,0,177.1,104,30.11,217.4,97,18.48,191.8,131,8.63,9.7,5,2.62,2,0
49,193,415,642,0,0,0,180.5,114,30.69,117.9,80,10.02,192.9,97,8.68,10.2,4,2.75,2,0
22,110,415,2706,0,0,0,94.1,127,16.0,283.0,97,24.06,168.7,69,7.59,10.3,6,2.78,2,0
28,94,510,354,0,0,0,154.8,113,26.32,261.8,121,22.25,213.0,81,9.58,11.6,5,3.13,0,0
6,38,510,1371,0,0,0,96.9,110,16.47,241.4,75,20.52,141.0,69,6.35,10.8,3,2.92,0,0
24,87,408,4552,0,0,0,129.5,104,22.02,194.0,133,16.49,287.9,65,12.96,7.2,7,1.94,2,0
5,141,408,4197,0,0,0,264.3,90,44.93,216.4,101,18.39,208.8,72,9.4,9.6,3,2.59,0,1
14,135,415,4677,0,0,0,247.2,61,42.02,168.7,122,14.34,169.8,100,7.64,6.6,1,1.78,0,0
27,126,415,48,0,0,0,228.2,68,38.79,170.2,102,14.47,168.9,72,7.6,10.2,6,2.75,1,0
31,160,415,4592,0,0,0,118.9,106,20.21,163.5,75,13.9,195.0,131,8.78,13.1,4,3.54,0,0
37,170,408,2249,0,1,22,173.6,66,29.51,142.2,83,12.09,156.5,93,7.04,5.2,3,1.4,1,0
25,78,510,1293,1,0,0,198.9,93,33.81,210.6,86,17.9,252.1,99,11.34,14.4,12,3.89,0,1
35,49,408,703,0,0,0,202.3,105,34.39,195.4,131,16.61,190.1,88,8.55,9.0,2,2.43,3,1
26,64,415,3099,0,0,0,131.3,105,22.32,109.4,114,9.3,246.2,125,11.08,12.7,4,3.43,4,1
37,67,415,3027,0,0,0,245.1,118,41.67,185.2,94,15.74,193.6,112,8.71,8.1,3,2.19,3,0
19,65,408,3843,0,0,0,158.3,71,26.91,168.3,119,14.31,139.9,119,6.3,6.6,6,1.78,2,0
43,150,408,689,0,1,24,212.4,157,36.11,168.7,91,14.34,199.4,112,8.97,9.7,1,2.62,2,0
14,108,510,2691,1,0,0,137.3,68,23.34,143.8,94,12.22,238.7,101,10.74,8.9,1,2.4,1,1
27,139,415,4576,1,0,0,185.1,101,31.47,266.7,75,22.67,207.9,95,9.36,9.0,3,2.43,3,0
38,84,415,4740,0,0,0,109.1,114,18.55,231.4,113,19.67,274.0,112,12.33,9.6,4,2.59,0,0
7,78,415,3124,1,0,0,176.6,107,30.02,179.4,98,15.25,178.2,80,8.02,16.6,5,4.48,2,1
22,216,408,273,0,0,0,212.3,106,36.09,191.1,71,16.24,224.9,79,10.12,9.4,8,2.54,3,0
34,112,415,3711,0,1,17,120.0,94,20.4,79.5,104,6.76,214.0,94,9.63,8.7,1,2.35,1,0
41,56,415,1194,0,0,0,79.3,115,13.48,159.0,64,13.52,245.7,99,11.06,10.1,4,2.73,1,0
34,138,415,4418,1,0,0,261.1,96,44.39,170.9,120,14.53,71.1,89,3.2,0.0,0,0.0,3,1
8,31,408,3130,0,0,0,229.1,120,38.95,172.4,79,14.65,243.6,102,10.96,11.0,4,2.97,3,0
42,93,415,124,0,1,21,213.8,103,36.35,257.7,72,21.9,218.4,114,9.83,7.2,6,1.94,1,0
29,105,510,4457,0,0,0,213.3,99,36.26,153.1,79,13.01,227.9,98,10.26,10.8,5,2.92,1,0
42,125,415,3054,0,0,0,138.5,96,23.55,159.7,117,13.57,212.7,91,9.57,7.7,3,2.08,2,0
2,57,415,1165,0,1,26,138.7,99,23.58,134.5,105,11.43,261.7,95,11.78,13.0,5,3.51,2,0
23,85,415,3840,0,0,0,234.5,113,39.87,237.3,116,20.17,122.7,110,5.52,12.9,3,3.48,4,0
19,102,510,563,0,0,0,143.7,82,24.43,170.9,83,14.53,310.9,112,13.99,9.8,1,2.65,2,0
31,126,415,2409,0,0,0,261.6,83,44.47,192.9,133,16.4,246.9,50,11.11,7.3,3,1.97,4,0
16,85,408,4288,0,0,0,164.0,111,27.88,229.4,108,19.5,220.7,105,9.93,9.3,2,2.51,1,0
43,48,510,1768,0,0,0,198.2,108,33.69,181.0,70,15.39,238.9,86,10.75,12.1,2,3.27,1,0
13,90,415,2057,0,0,0,259.1,140,44.05,124.0,119,10.54,188.3,79,8.47,12.8,3,3.46,0,0
49,94,415,1531,1,1,39,115.5,90,19.64,122.5,99,10.41,197.7,110,8.9,7.0,3,1.89,0,0
42,128,510,197,0,1,40,272.2,112,46.27,239.9,111,20.39,257.3,124,11.58,11.6,2,3.13,1,0
14,71,415,4309,0,0,0,112.1,122,19.06,157.9,86,13.42,271.6,104,12.22,11.1,5,3.0,0,0
29,166,415,1669,0,0,0,238.6,117,40.56,242.8,73,20.64,203.3,130,9.15,10.0,8,2.7,4,0
14,143,415,2817,0,1,26,119.6,133,20.33,247.0,136,21.0,227.3,54,10.23,13.0,3,3.51,1,0
37,100,415,3180,0,1,31,67.7,67,11.51,147.1,116,12.5,288.3,103,12.97,12.3,2,3.32,6,1
23,49,415,674,0,0,0,171.5,86,29.16,188.8,85,16.05,155.1,82,6.98,8.5,2,2.3,2,0
16,39,408,1337,0,0,0,181.2,71,30.8,344.9,108,29.32,213.6,145,9.61,12.1,2,3.27,3,0
32,42,415,3210,0,0,0,137.9,160,23.44,234.9,107,19.97,166.6,70,7.5,14.3,3,3.86,5,1
20,80,510,3113,1,0,0,275.4,89,46.82,186.7,66,15.87,201.3,87,9.06,9.4,2,2.54,0,1
2,116,408,936,0,0,0,85.8,88,14.59,115.8,112,9.84,195.9,91,8.82,11.0,2,2.97,1,0
43,149,510,1232,0,0,0,221.4,95,37.64,198.7,63,16.89,106.2,70,4.78,10.0,3,2.7,1,0
17,140,408,25,0,1,24,235.4,92,40.02,160.9,71,13.68,211.9,99,9.54,8.9,2,2.4,3,0
11,33,415,4992,0,0,0,200.5,117,34.09,159.9,111,13.59,196.2,84,8.83,16.3,6,4.4,3,0
3,193,415,4295,0,0,0,208.1,115,35.38,178.0,104,15.13,195.9,95,8.82,12.4,9,3.35,3,0
17,86,408,2640,0,0,0,139.1,95,23.65,146.2,82,12.43,186.8,120,8.41,11.8,5,3.19,2,0
45,86,415,4997,0,0,0,231.9,73,39.42,165.9,123,14.1,225.7,86,10.16,11.5,3,3.11,3,0
39,60,408,2649,0,0,0,194.2,107,33.01,174.0,107,14.79,89.3,83,4.02,11.2,2,3.02,2,0
41,140,415,1166,0,0,0,191.8,67,32.61,261.1,52,22.19,252.7,112,11.37,10.8,3,2.92,6,0
24,87,415,2376,1,0,0,128.9,71,21.91,281.9,91,23.96,209.1,100,9.41,9.9,4,2.67,0,0
47,136,415,988,0,1,24,243.3,107,41.36,226.8,111,19.28,138.5,117,6.23,11.0,4,2.97,4,0
15,75,510,1640,0,1,17,200.7,107,34.12,212.5,109,18.06,204.0,136,9.18,12.9,3,3.48,4,0
17,122,415,946,0,0,0,273.8,94,46.55,237.1,131,20.15,295.9,89,13.32,10.4,2,2.81,3,1
17,129,415,4079,0,0,0,130.2,94,22.13,195.2,126,16.59,195.5,68,8.8,7.6,5,2.05,2,0
1,152,408,3221,0,0,0,142.8,106,24.28,230.5,87,19.59,212.8,74,9.58,7.2,8,1.94,0,0
22,116,415,2125,0,0,0,199.7,76,33.95,98.5,104,8.37,220.1,108,9.9,13.7,6,3.7,1,0
46,78,408,4119,0,1,38,199.0,96,33.83,75.5,93,6.42,180.2,78,8.11,7.5,7,2.03,1,0
32,146,415,350,0,0,0,157.4,89,26.76,196.0,117,16.66,147.7,150,6.65,10.8,4,2.92,0,0
29,200,408,3602,0,0,0,195.4,71,33.22,249.4,96,21.2,233.1,132,10.49,12.9,2,3.48,3,0
36,17,408,2492,0,0,0,180.4,121,30.67,228.5,111,19.42,199.5,99,8.98,14.8,5,4.0,0,0
29,67,408,2487,0,0,0,144.7,91,24.6,219.6,106,18.67,233.5,98,10.51,12.6,8,3.4,1,0
32,20,408,4207,0,0,0,131.5,64,22.36,161.8,124,13.75,158.6,106,7.14,14.8,5,4.0,0,0
34,102,408,2467,0,1,48,134.0,83,22.78,234.3,128,19.92,197.3,107,8.88,7.8,4,2.11,6,1
28,55,415,391,0,0,0,180.1,77,30.62,235.5,98,20.02,169.4,104,7.62,11.1,2,3.0,0,0
34,98,408,3315,0,0,0,136.9,120,23.27,180.6,84,15.35,172.9,94,7.78,11.9,4,3.21,4,1
20,47,415,4165,0,0,0,111.3,92,18.92,109.4,108,9.3,116.9,80,5.26,10.8,8,2.92,1,0
19,103,408,1767,0,0,0,170.6,79,29.0,144.8,126,12.31,193.6,102,8.71,6.0,3,1.62,0,0
29,136,415,4016,0,0,0,121.5,80,20.66,220.1,97,18.71,179.5,94,8.08,10.4,5,2.81,1,0
44,39,415,530,0,1,17,230.7,122,39.22,207.1,85,17.6,208.9,73,9.4,9.2,1,2.48,3,0
32,155,415,1143,0,0,0,281.6,103,47.87,152.7,82,12.98,196.8,86,8.86,7.4,3,2.0,2,0
39,114,415,4175,0,1,23,186.2,95,31.65,258.3,129,21.96,183.9,93,8.28,7.8,6,2.11,0,0
14,52,510,966,0,0,0,207.1,86,35.21,162.0,98,13.77,243.0,102,10.93,6.0,1,1.62,1,0
43,129,415,1918,0,1,23,210.7,119,35.82,137.4,51,11.68,248.2,92,11.17,7.9,6,2.13,2,0
30,114,510,3094,1,1,28,136.4,93,23.19,170.0,90,14.45,191.5,73,8.62,14.6,4,3.94,2,1
43,115,415,1611,0,0,0,211.1,112,35.89,227.8,113,19.36,179.6,110,8.08,7.2,2,1.94,0,0
20,133,415,1867,0,0,0,173.1,126,29.43,200.0,98,17.0,231.0,103,10.4,10.8,1,2.92,1,0
9,81,408,1565,0,0,0,190.9,92,32.45,208.7,132,17.74,120.8,98,5.44,11.4,6,3.08,1,0
16,108,408,3227,0,0,0,170.3,48,28.95,187.7,146,15.95,204.0,84,9.18,16.1,4,4.35,3,0
43,52,415,137,0,0,0,188.7,99,32.08,210.4,89,17.88,191.4,103,8.61,10.8,2,2.92,1,0
42,74,510,716,0,0,0,159.4,86,27.1,210.0,122,17.85,172.4,99,7.76,8.5,2,2.3,1,0
2,127,415,3645,0,1,27,157.6,107,26.79,280.6,49,23.85,75.1,77,3.38,8.0,4,2.16,1,0
