att1,att2,att3,att4,att5,att6,class
1.0,0.0,0.0,134.8208614,1.2491434,1623.20696993,1
1.0,0.0,0.0,130.5788614,1.26868603,1596.78807182,1
1.0,0.0,0.0,128.8588614,1.27018625,1632.6415451999999,1
1.0,0.0,0.0,136.8228614,1.26906209,1799.85520063,1
1.0,0.0,0.0,135.8628614,1.3408642,1733.27095901,1
1.0,0.0,0.0,130.95886140000002,1.34896079,1755.42212782,1
1.0,0.0,0.0,131.3728614,1.35867086,1638.35652561,1
1.0,0.0,0.0,126.88286140000001,1.22768958,1707.51830767,1
1.0,0.0,0.0,136.5988614,1.32717551,1711.67069672,1
1.0,0.0,0.0,131.4878614,1.36723077,1914.10705382,1
1.0,0.0,0.0,132.6128614,1.27416914,1740.20785429,1
1.0,0.0,0.0,127.81686140000001,1.46108193,1782.53740446,1
0.0,2.0,0.0,231.2768614,2.38707988,15215.96441229,1
0.0,3.0,1.0,141.2228614,1.40411324,4416.10374745,2
0.0,3.0,1.0,146.5568614,1.53227083,5572.13145515,2
0.0,3.0,1.0,145.46486140000002,1.36631204,3670.64713079,2
0.0,3.0,1.0,143.38086140000001,1.3768316999999999,3845.84627496,2
0.0,3.0,1.0,133.3328614,1.48329243,4427.26499755,2
0.0,2.0,0.0,127.27886140000001,1.24777472,2630.60422766,2
0.0,2.0,0.0,141.5288614,1.42135178,4289.40047012,2
0.0,2.0,0.0,130.1398614,1.16854874,1942.05881701,2
0.0,2.0,0.0,133.99486140000002,1.30187541,2844.4443216,2
0.0,3.0,1.0,139.5848614,1.3147318000000001,4147.56779881,2
0.0,3.0,1.0,136.58386140000002,1.35129193,3403.98358806,2
0.0,2.0,0.0,135.3008614,1.29177986,2295.14781372,2
0.0,2.0,0.0,148.75686140000002,1.6758621999999999,4918.62804732,2
0.0,2.0,0.0,142.7118614,1.34119752,3359.63555896,2
0.0,3.0,1.0,135.13686140000002,1.42565971,4134.95839619,2
0.0,2.0,0.0,138.6268614,1.59119714,4811.32429577,2
0.0,3.0,1.0,135.6898614,1.33264812,3541.00237404,2
0.0,2.0,0.0,136.0948614,1.28833947,3050.00353178,2
0.0,3.0,1.0,145.2668614,1.46074448,4527.25694619,2
0.0,3.0,1.0,156.0348614,1.52600179,5673.81668038,2
0.0,2.0,0.0,133.38186140000002,1.29057242,2397.64851349,2
0.0,3.0,1.0,152.2468614,1.53680194,5779.45677507,2
0.0,2.0,0.0,139.0568614,1.36159656,3739.70629159,2
0.0,2.0,0.0,136.8228614,1.27389137,2779.17503715,2
0.0,2.0,0.0,131.3978614,1.24317562,2260.1935189,2
0.0,2.0,0.0,133.31586140000002,1.26488417,2606.86495061,2
0.0,2.0,0.0,157.88686140000002,1.75644912,6514.90724855,3
0.0,2.0,0.0,187.75086140000002,2.05848644,10846.70049089,3
0.0,2.0,0.0,189.3728614,1.88636455,10142.29188734,3
0.0,3.0,0.0,185.2868614,1.94657912,9900.6754659,3
0.0,2.0,0.0,175.6928614,1.96526277,9308.35526687,3
0.0,2.0,0.0,198.7168614,2.27341121,11386.31053212,3
0.0,2.0,0.0,201.3308614,2.28460531,11864.60492744,3
0.0,2.0,0.0,206.5908614,2.08402439,12109.13058773,3
0.0,2.0,0.0,203.16686140000002,1.95889455,11654.64409783,3
0.0,2.0,0.0,200.1988614,2.31719962,11504.64746146,3
0.0,2.0,0.0,208.7168614,2.1041258999999997,12055.42032162,3
0.0,2.0,0.0,194.01286140000002,1.89970665,10621.09754191,3
0.0,2.0,0.0,190.2988614,1.98551224,11316.46608379,3
0.0,2.0,0.0,177.4208614,1.91931075,9347.62362458,3
0.0,3.0,1.0,189.3728614,2.1594199,10842.55385503,3
0.0,2.0,0.0,193.1028614,2.02728673,10775.34359756,3
0.0,2.0,0.0,137.7428614,1.52525276,3801.70695583,4
0.0,3.0,1.0,200.7348614,2.17311637,12567.86955747,4
0.0,4.0,2.0,197.96486140000002,2.05707172,12499.4174839,4
0.0,3.0,1.0,184.2368614,1.85261096,9926.68498876,4
0.0,3.0,1.0,192.84586140000002,2.04018989,11367.29873417,4
0.0,3.0,1.0,202.7868614,2.06960851,12568.45198018,4
0.0,3.0,1.0,179.0268614,1.84902955,8527.50697573,4
0.0,4.0,2.0,184.62486140000001,1.75169753,9678.07913142,4
0.0,3.0,1.0,172.9328614,2.00329658,10281.39819964,4
0.0,3.0,1.0,175.3628614,1.82967521,9222.73646886,4
0.0,3.0,1.0,157.67286140000002,1.77207355,7814.6743457,4
0.0,4.0,2.0,172.22086140000002,1.82071021,8677.42930966,4
0.0,2.0,0.0,151.38686140000002,1.63169119,5850.60558915,4
0.0,3.0,1.0,206.71486140000002,2.06555902,12370.02333145,4
0.0,3.0,1.0,160.7668614,1.79830372,8207.87130629,4
0.0,3.0,1.0,183.6748614,1.95003514,10405.73153312,4
0.0,4.0,2.0,201.7528614,2.00469012,12247.22813136,4
0.0,2.0,0.0,172.7488614,1.77000975,8960.33445838,4
0.0,3.0,1.0,195.1128614,2.02606225,12050.60948504,4
0.0,4.0,2.0,187.0328614,1.88432129,10698.328633600002,4
0.0,4.0,2.0,194.5508614,2.1427737000000002,12453.85597993,4
0.0,3.0,1.0,193.9788614,1.97326905,10038.94865633,4
0.0,3.0,1.0,175.4278614,1.94855998,9886.84837963,5
0.0,3.0,1.0,167.2988614,1.82190947,9237.22029982,5
0.0,3.0,1.0,162.1628614,1.83865879,9115.76782412,5
0.0,2.0,0.0,152.1228614,1.77121183,6661.76228821,5
0.0,3.0,1.0,157.16686140000002,1.77060741,6909.18411373,5
0.0,2.0,0.0,152.65486140000002,1.72390533,5971.70651707,5
0.0,2.0,0.0,154.9188614,1.77673099,6394.65838259,5
0.0,2.0,0.0,133.7888614,1.33020044,3193.35524586,5
0.0,3.0,1.0,165.67886140000002,1.74909365,6871.44036713,5
0.0,3.0,1.0,159.45886140000002,1.69654766,7908.00339705,5
0.0,3.0,1.0,152.4208614,1.62051535,6407.95092597,5
0.0,2.0,0.0,157.22686140000002,1.8167647,7665.67098528,5
0.0,3.0,1.0,152.23886140000002,1.67293046,6403.84205464,5
0.0,3.0,1.0,165.89286140000002,1.74283043,8894.77132927,5
0.0,3.0,1.0,152.2468614,1.73749199,7674.50611607,5
0.0,3.0,1.0,155.93486140000002,1.68071084,7086.93940095,5
0.0,3.0,1.0,145.4818614,1.65757688,5967.15809076,5
0.0,4.0,2.0,158.0948614,1.67964795,7023.251118800001,5
0.0,3.0,1.0,152.3708614,1.67820523,6924.09582833,5
0.0,2.0,0.0,153.5288614,1.68838759,5951.87584722,5
0.0,2.0,0.0,150.9068614,1.73502529,6092.58605556,5
0.0,3.0,1.0,146.0448614,1.66535045,6194.82269664,5
0.0,3.0,1.0,218.9628614,2.30517184,16695.46779172,6
0.0,3.0,1.0,209.5508614,2.24877236,14877.19003563,6
0.0,3.0,1.0,192.0848614,2.13357714,11188.26743756,6
0.0,2.0,0.0,189.47086140000002,2.1623047000000004,10536.85473618,6
0.0,2.0,0.0,204.0348614,1.9800269,13630.70528952,6
0.0,3.0,1.0,212.2048614,2.18293838,15406.87537833,6
0.0,2.0,0.0,177.7188614,1.82454725,9479.15525737,6
0.0,3.0,1.0,198.9088614,2.01168233,13538.297111000002,6
0.0,3.0,1.0,200.6528614,1.98150579,13896.45950601,6
0.0,2.0,0.0,201.2068614,2.11971892,12258.61997845,6
0.0,3.0,1.0,201.0168614,2.10454999,13094.210522,6
0.0,2.0,0.0,159.6338614,1.78143368,6340.38078721,6
0.0,2.0,0.0,170.6648614,1.86974515,7974.71243016,6
0.0,2.0,0.0,181.0848614,1.84691324,9637.59388761,6
0.0,3.0,1.0,180.5488614,1.81437358,10620.25549976,6
0.0,3.0,1.0,216.5968614,2.14554091,15700.48819764,6
0.0,2.0,0.0,181.1928614,1.88792251,9893.58091093,6
0.0,3.0,1.0,197.2788614,2.05412842,12679.95690863,6
0.0,3.0,1.0,206.5988614,2.02416414,14745.69674039,6
1.0,1.0,1.0,161.7828614,1.62993224,5845.27094085,7
1.0,1.0,1.0,136.64886140000002,1.4674947,3665.44948044,7
1.0,1.0,1.0,137.22086140000002,1.50904525,3737.86499584,7
1.0,1.0,1.0,143.3328614,1.55628436,4119.68680294,7
1.0,1.0,1.0,161.20286140000002,1.66942096,5656.88277755,7
1.0,1.0,1.0,140.2648614,1.51071276,4096.72040869,7
1.0,1.0,1.0,142.9928614,1.44062648,4567.22010516,7
1.0,1.0,1.0,133.2008614,1.46483651,3366.4763764,7
1.0,1.0,1.0,133.3588614,1.37003378,3378.03488451,7
1.0,1.0,1.0,134.9208614,1.55901769,3429.91743911,7
1.0,1.0,1.0,138.9068614,1.38108633,3649.43149165,7
1.0,1.0,1.0,147.1938614,1.46438996,3982.20179452,7
1.0,1.0,1.0,157.7708614,1.50116153,5613.3150985,7
1.0,1.0,1.0,131.88686140000002,1.36766818,3046.96522533,7
1.0,1.0,1.0,135.5248614,1.43477852,3419.24036202,7
1.0,1.0,1.0,130.8528614,1.43034624,3260.08948999,7
1.0,1.0,1.0,137.01286140000002,1.43150424,3631.85940286,7
1.0,1.0,1.0,167.1828614,1.64294572,5841.6816929999995,7
1.0,1.0,1.0,138.7748614,1.481761,3734.58627414,7
0.0,2.0,0.0,172.8148614,1.83864757,7520.91509495,8
0.0,2.0,0.0,154.0168614,1.64805209,5139.93730818,8
0.0,2.0,0.0,150.5588614,1.76812711,5307.03396266,8
0.0,2.0,0.0,149.73286140000002,1.62217366,4621.76782471,8
0.0,2.0,0.0,151.68486140000002,1.63133475,5022.42993875,8
0.0,2.0,0.0,154.74486140000002,1.81728649,6011.44364421,8
0.0,2.0,0.0,152.3708614,1.6446998,5102.27993552,8
0.0,2.0,0.0,169.2588614,1.93480783,7679.00123093,8
0.0,2.0,0.0,176.8008614,1.83715458,7854.61924499,8
0.0,2.0,0.0,148.98886140000002,1.72738051,5284.6019276,8
0.0,2.0,0.0,154.7868614,1.72464672,5859.66736356,8
0.0,2.0,0.0,147.26886140000002,1.62697994,4890.22305277,8
0.0,2.0,0.0,165.9008614,1.77649494,7074.89138869,8
0.0,2.0,0.0,153.5288614,1.69874589,5613.87072879,8
0.0,2.0,0.0,148.0288614,1.65063663,5120.63827273,8
0.0,2.0,0.0,150.5348614,1.60388471,5077.80881589,8
0.0,2.0,0.0,154.5788614,1.73592314,5632.26044499,8
0.0,2.0,0.0,151.2708614,1.61750536,4878.17346963,8
2.0,0.0,2.0,136.73286140000002,1.28643582,2217.58209484,9
2.0,0.0,2.0,126.06386140000001,1.2799029,1997.84021217,9
2.0,0.0,2.0,121.42486140000001,1.23843143,1917.77165915,9
2.0,0.0,2.0,132.1998614,1.26434746,2081.76974584,9
2.0,0.0,2.0,129.5208614,1.20722176,2127.84117027,9
2.0,0.0,2.0,132.82786140000002,1.36730147,2099.97335539,9
2.0,0.0,2.0,133.0848614,1.32982522,1885.38738276,9
2.0,0.0,2.0,134.3668614,1.30626471,1958.66597124,9
2.0,0.0,2.0,131.6708614,1.37380805,1992.5270729000001,9
2.0,0.0,2.0,128.7758614,1.32032727,1830.49452992,9
2.0,0.0,2.0,125.6008614,1.22541882,1749.44054597,9
2.0,0.0,2.0,130.89286140000002,1.33412538,1668.25292013,9
2.0,0.0,2.0,137.0548614,1.36607095,2099.03596361,9
1.0,1.0,1.0,204.3488614,2.03554218,8672.42843814,9
2.0,0.0,2.0,126.85886140000001,1.40042317,2670.50196768,9
2.0,0.0,2.0,137.9308614,1.40038634,2457.48655277,9
2.0,0.0,2.0,139.3368614,1.32576532,2369.10541916,9
2.0,0.0,2.0,132.9028614,1.34154079,1871.07382526,9
1.0,1.0,1.0,131.7958614,1.30552867,2636.67560748,9
2.0,0.0,2.0,130.0828614,1.23142699,1876.73328231,9
2.0,0.0,2.0,131.95286140000002,1.25909403,2395.10397487,9
2.0,0.0,2.0,128.6768614,1.28658651,1777.7531838,9
2.0,0.0,2.0,134.01886140000002,1.26583927,1898.30142727,9
2.0,0.0,2.0,131.7528614,1.28544052,1788.36662582,9
1.0,1.0,1.0,143.2988614,1.43278582,4600.99164877,10
1.0,1.0,1.0,128.4698614,1.40429778,3095.0575273000004,10
1.0,1.0,1.0,157.6808614,1.58961946,5287.67761181,10
1.0,1.0,1.0,139.0968614,1.4502966999999998,3412.50086163,10
1.0,1.0,1.0,162.2868614,1.57395839,5573.32435337,10
1.0,1.0,1.0,136.2528614,1.45901906,3523.05006057,10
1.0,1.0,1.0,161.20286140000002,1.66942096,5656.88277755,10
1.0,1.0,1.0,134.7968614,1.34022251,3433.30540507,10
1.0,1.0,1.0,133.3588614,1.37003378,3378.03488451,10
1.0,1.0,1.0,123.23686140000001,1.40070069,2867.35651487,10
1.0,1.0,1.0,146.3508614,1.56377391,4257.20242481,10
1.0,1.0,1.0,143.7368614,1.3731089,3940.94315675,10
1.0,1.0,1.0,143.0268614,1.61388531,4249.8857926,10
1.0,1.0,1.0,145.8628614,1.36702261,4350.23617458,10
1.0,2.0,2.0,149.8908614,1.65976986,4528.5788618999995,10
1.0,1.0,1.0,128.5948614,1.28335053,2595.60022779,10
1.0,1.0,1.0,152.5288614,1.46213728,4580.15427612,10
1.0,1.0,1.0,135.0448614,1.33936477,3242.8086737,10
1.0,1.0,1.0,150.5928614,1.49449261,5004.58936897,10
1.0,1.0,1.0,142.9928614,1.52135919,4346.46458848,10
1.0,1.0,1.0,138.7008614,1.47779849,3694.51374331,10
1.0,0.0,0.0,129.2888614,1.25540818,1590.04207577,1
1.0,0.0,0.0,130.3228614,1.25801767,1679.91193027,1
1.0,0.0,0.0,129.8178614,1.29636731,1791.83553416,1
1.0,0.0,0.0,128.91686140000002,1.21901707,1648.69601482,1
1.0,0.0,0.0,136.22686140000002,1.32988651,1877.63642139,1
1.0,0.0,0.0,126.7748614,1.34214376,1730.01268478,1
1.0,0.0,0.0,132.7948614,1.30028123,1549.25905297,1
1.0,0.0,0.0,135.3008614,1.30683607,1690.06838378,1
1.0,0.0,0.0,128.9248614,1.20101124,1605.44856508,1
1.0,0.0,0.0,128.6678614,1.27219284,1640.83042619,1
1.0,0.0,0.0,132.67886140000002,1.32660085,1617.68322076,1
1.0,0.0,0.0,134.0108614,1.27004236,1758.9687515,1
1.0,0.0,0.0,129.3298614,1.30631098,1847.24725887,1
1.0,0.0,0.0,135.0608614,1.25204255,1652.29059625,1
1.0,0.0,0.0,128.8008614,1.28299999,1566.94716914,1
1.0,0.0,0.0,137.88086140000001,1.3616138999999998,1769.86700029,1
1.0,0.0,0.0,129.8918614,1.28666824,1782.85422809,1
1.0,0.0,0.0,144.0168614,1.34380209,2256.65347967,1
1.0,0.0,0.0,130.51286140000002,1.34887046,1608.47574299,1
1.0,0.0,0.0,131.6208614,1.25377614,1853.71274353,1
1.0,0.0,0.0,128.7998614,1.21382606,1650.61383096,1
1.0,0.0,0.0,133.0768614,1.26333133,1767.44918954,1
1.0,0.0,0.0,132.12486140000001,1.39193846,1653.62840977,1
0.0,3.0,1.0,144.0268614,1.49558253,5471.7857501,2
0.0,2.0,0.0,130.5708614,1.24805079,2838.26878575,2
0.0,2.0,0.0,136.1028614,1.33914133,3045.17481556,2
0.0,3.0,1.0,137.7248614,1.49539363,4753.66993252,2
0.0,3.0,1.0,144.97686140000002,1.3841611,4001.24292475,2
0.0,2.0,0.0,138.0308614,1.32854015,2935.39833397,2
0.0,3.0,1.0,136.6168614,1.40443577,3771.59764983,2
0.0,2.0,0.0,139.4198614,1.36105751,2385.08314296,2
0.0,3.0,1.0,140.5688614,1.33748758,3745.48718433,2
0.0,2.0,0.0,132.5808614,1.33487646,3552.80583884,2
0.0,3.0,1.0,138.2698614,1.34420823,2626.22160921,2
0.0,3.0,1.0,142.5288614,1.4083775,4734.15816748,2
0.0,3.0,1.0,144.39886140000002,1.52550653,5269.59516656,2
0.0,2.0,0.0,140.9908614,1.22103564,2197.88216167,2
0.0,2.0,0.0,140.13086140000001,1.35032544,3655.55517679,2
0.0,2.0,0.0,128.8188614,1.47861823,3001.15167846,2
0.0,2.0,0.0,134.3508614,1.28270977,3345.68538308,2
0.0,2.0,0.0,129.2638614,1.26115671,2454.23553291,2
0.0,3.0,1.0,141.8768614,1.49155885,4718.59199932,2
0.0,2.0,0.0,133.92886140000002,1.25726078,3290.01705887,2
0.0,2.0,0.0,134.8378614,1.26091621,2511.18554847,2
0.0,2.0,0.0,187.1148614,1.92869006,9843.09684511,3
0.0,3.0,1.0,192.6468614,2.01692011,11262.43236502,3
0.0,3.0,1.0,206.1948614,2.06555285,12718.16451996,3
0.0,2.0,0.0,168.8368614,1.91278648,8950.94707588,3
0.0,2.0,0.0,194.8648614,1.99925276,10878.26490041,3
0.0,2.0,0.0,189.1008614,2.09556469,10524.65185024,3
0.0,2.0,0.0,196.5508614,1.95421382,11507.50873039,3
0.0,2.0,0.0,189.3468614,2.16978582,10841.25485705,3
0.0,2.0,0.0,193.0528614,2.08229981,10795.73653773,3
0.0,2.0,0.0,182.8388614,1.96781926,9629.45445804,3
0.0,2.0,0.0,198.1888614,1.99799055,11721.20016651,3
0.0,2.0,0.0,192.1108614,2.18885378,11248.93600686,3
0.0,3.0,1.0,197.5928614,2.01003282,11201.39653849,3
0.0,3.0,1.0,177.04186140000002,1.74194776,6955.24577816,3
0.0,2.0,0.0,190.1508614,1.88590193,11846.52111624,3
0.0,2.0,0.0,202.9268614,2.33505638,11790.59091145,3
0.0,2.0,0.0,197.8668614,2.16449861,11817.64014567,3
0.0,2.0,0.0,194.5668614,2.1712683999999998,12202.52974894,3
0.0,2.0,0.0,200.8508614,2.00948701,11787.39727284,3
0.0,2.0,0.0,180.0528614,1.84728625,9837.07233495,3
0.0,2.0,0.0,163.7098614,1.64619979,6395.84790394,3
0.0,3.0,1.0,192.2008614,2.04055379,10614.39304826,3
0.0,2.0,0.0,203.8048614,2.04032502,12260.31386296,3
0.0,2.0,0.0,180.5728614,1.99033829,9018.82300635,3
0.0,3.0,1.0,204.69686140000002,2.01282647,11580.7505054,3
0.0,2.0,0.0,201.1008614,2.00318848,11771.37727849,3
0.0,2.0,0.0,186.0488614,2.01859288,11075.25996706,3
0.0,2.0,0.0,198.6268614,2.10431102,11288.75065106,3
0.0,2.0,0.0,175.0808614,1.85224718,8488.77597136,3
0.0,2.0,0.0,178.16686140000002,2.06045681,10367.97502115,3
0.0,3.0,1.0,174.9988614,1.97307287,9505.01589505,4
0.0,4.0,2.0,163.9748614,1.74459522,7053.13552514,4
0.0,3.0,1.0,176.38086140000001,2.03809018,9590.97449508,4
0.0,3.0,1.0,187.3628614,2.07630464,11248.09034878,4
0.0,3.0,1.0,174.8668614,1.87656477,8755.62620081,4
0.0,3.0,1.0,176.4548614,1.81638843,9791.82907532,4
0.0,2.0,0.0,169.1208614,1.78418231,7032.55185336,4
0.0,3.0,1.0,174.3048614,1.92419011,9046.52124105,4
0.0,3.0,1.0,185.87486140000001,1.89452936,10458.02847284,4
0.0,2.0,0.0,145.9128614,1.65574863,5204.76575551,4
0.0,3.0,1.0,180.0528614,2.00929946,9421.33239791,4
0.0,4.0,2.0,180.92886140000002,1.74244579,10463.68110671,4
0.0,4.0,2.0,180.5808614,1.96655242,9788.188628799999,4
0.0,3.0,1.0,158.6408614,1.70243721,6889.13315418,4
0.0,3.0,1.0,154.5368614,1.68042689,7140.10054526,5
0.0,3.0,1.0,156.7788614,1.69228,7357.32408241,5
0.0,3.0,1.0,149.9148614,1.6902563999999998,6906.86910031,5
0.0,3.0,1.0,158.1768614,1.76794319,8837.69004848,5
0.0,3.0,1.0,158.7068614,1.67902039,8574.68295226,5
0.0,3.0,1.0,177.9088614,1.96247338,9006.60706368,5
0.0,4.0,2.0,145.6068614,1.6996930000000001,6961.11032834,5
0.0,3.0,1.0,167.4388614,1.83302037,7691.58358712,5
0.0,3.0,1.0,165.17286140000002,1.79608228,8123.28509046,5
0.0,6.0,2.0,114.71886140000001,1.46045826,4695.09525811,5
0.0,3.0,1.0,161.2048614,1.79896525,6392.07571344,5
0.0,3.0,1.0,155.95286140000002,1.64872574,7043.90973115,5
0.0,2.0,0.0,180.6798614,2.06876172,9746.83640521,6
0.0,3.0,1.0,169.8558614,1.95288811,9872.10531024,6
0.0,2.0,0.0,197.5088614,2.02103976,12127.81383523,6
0.0,2.0,0.0,174.22086140000002,2.02850543,9504.13924413,6
0.0,2.0,0.0,178.8108614,2.05074318,9694.05978355,6
0.0,3.0,1.0,206.9208614,2.38897816,13600.93711971,6
0.0,2.0,0.0,191.6708614,2.08422034,10765.33570354,6
0.0,3.0,1.0,206.3668614,1.99441361,13477.73288702,6
0.0,2.0,0.0,173.7908614,2.00145753,9241.17846025,6
0.0,2.0,0.0,193.26886140000002,2.01926442,13516.47781569,6
0.0,3.0,1.0,202.5388614,2.11322015,14753.5439041,6
0.0,3.0,1.0,214.8848614,2.14854451,14945.87190352,6
0.0,3.0,1.0,212.47086140000002,2.19004752,14876.74509775,6
0.0,3.0,1.0,193.8208614,1.9093636999999999,11318.9490085,6
0.0,3.0,1.0,201.0328614,2.11788583,12879.36796698,6
1.0,1.0,1.0,130.21486140000002,1.31778667,2707.9953274,7
1.0,2.0,2.0,149.8908614,1.65976986,4528.5788618999995,7
1.0,1.0,1.0,136.2948614,1.45423959,3827.67298269,7
1.0,1.0,1.0,134.5988614,1.52122142,3870.75302081,7
1.0,1.0,1.0,149.5348614,1.51428165,4363.93137513,7
1.0,1.0,1.0,134.2108614,1.30630049,3064.86362428,7
1.0,1.0,1.0,151.7428614,1.60309246,5137.84818962,7
1.0,1.0,1.0,133.8628614,1.42018678,3675.34746902,7
1.0,1.0,1.0,166.5468614,1.84848215,6782.34952123,7
1.0,1.0,1.0,141.98286140000002,1.50103561,3979.94990023,7
1.0,1.0,1.0,134.4988614,1.44755578,3773.01158085,7
1.0,1.0,1.0,132.4328614,1.47328017,3333.16839168,7
1.0,1.0,1.0,141.1648614,1.45215426,3939.09714293,7
1.0,1.0,1.0,135.7228614,1.48024982,3505.50150001,7
0.0,2.0,0.0,160.1868614,1.68993087,5803.08375367,8
0.0,2.0,0.0,164.38686140000002,1.86538265,6616.86485892,8
0.0,3.0,1.0,154.1008614,1.76009138,5673.02091507,8
0.0,2.0,0.0,170.8708614,1.89500751,7771.97990543,8
0.0,2.0,0.0,154.2648614,1.70036216,5804.51368518,8
0.0,2.0,0.0,147.4748614,1.66540847,5107.88151331,8
0.0,2.0,0.0,142.0908614,1.63911952,4859.75767075,8
0.0,2.0,0.0,181.2168614,1.96908165,8213.62670226,8
0.0,2.0,0.0,173.4508614,2.02994122,8111.68689276,8
0.0,2.0,0.0,165.8188614,1.74934705,7206.80015446,8
0.0,2.0,0.0,152.7428614,1.62625047,5287.99594588,8
0.0,2.0,0.0,171.3588614,1.79652123,7385.29799887,8
0.0,2.0,0.0,156.4148614,1.85630296,5837.60299833,8
0.0,3.0,1.0,150.8008614,1.61363939,5583.4413345,8
0.0,2.0,0.0,164.5528614,1.75324051,6549.033872,8
0.0,2.0,0.0,157.1588614,1.67088905,5314.0597763999995,8
0.0,2.0,0.0,164.6688614,1.78662416,6406.44585568,8
0.0,2.0,0.0,164.9908614,1.83977609,7325.33290193,8
0.0,2.0,0.0,164.25586140000001,1.72923382,5534.86980228,8
0.0,2.0,0.0,158.4008614,1.6757831000000003,5618.88305862,8
0.0,2.0,0.0,167.9188614,1.81919688,7143.92903823,8
0.0,2.0,0.0,147.2848614,1.71781047,5360.5586641,8
0.0,2.0,0.0,151.9988614,1.6217982,5346.72056442,8
0.0,3.0,1.0,170.9788614,1.84690817,7395.69591111,8
0.0,2.0,0.0,154.9428614,1.70393763,5473.07107788,8
0.0,3.0,1.0,150.0388614,1.74397872,6081.52855737,8
2.0,0.0,2.0,134.5648614,1.26323125,1841.43406159,9
2.0,0.0,2.0,131.89286140000002,1.28069329,1846.36340664,9
1.0,1.0,1.0,134.3248614,1.28540972,2131.00323717,9
2.0,0.0,2.0,134.5398614,1.24185991,2050.49621914,9
2.0,0.0,2.0,143.9678614,1.4314055,2188.28156225,9
2.0,0.0,2.0,127.3788614,1.27682048,1909.90591661,9
2.0,0.0,2.0,132.72086140000002,1.26642228,1747.68578079,9
2.0,0.0,2.0,128.3708614,1.32762388,1816.48439431,9
2.0,0.0,2.0,130.72686140000002,1.23613214,1855.23381105,9
2.0,0.0,2.0,136.1028614,1.27979694,1938.76064555,9
2.0,0.0,2.0,131.8778614,1.36757485,2079.67874973,9
2.0,0.0,2.0,131.4728614,1.23901675,1861.61598817,9
2.0,0.0,2.0,134.4248614,1.24749462,2128.87679083,9
2.0,0.0,2.0,128.7928614,1.35026054,1961.91792585,9
2.0,0.0,2.0,138.2788614,1.36387388,2915.48517206,9
2.0,0.0,2.0,136.9548614,1.28780844,2010.75461749,9
2.0,1.0,3.0,128.6688614,1.2690883999999998,1728.20944843,9
2.0,0.0,2.0,130.51286140000002,1.23549757,1776.55217208,9
2.0,0.0,2.0,125.83186140000001,1.25420761,1852.24155057,9
2.0,0.0,2.0,128.6688614,1.19214384,1902.61948269,9
2.0,0.0,2.0,129.5288614,1.27913545,1872.96328863,9
2.0,0.0,2.0,133.1348614,1.3139409,1880.99604567,9
2.0,0.0,2.0,125.8568614,1.23234674,1721.65950304,9
2.0,0.0,2.0,138.09586140000002,1.45687641,2212.69258207,9
1.0,1.0,1.0,133.4908614,1.47363529,3724.80945247,10
1.0,1.0,1.0,138.8168614,1.51061103,3958.13195425,10
1.0,1.0,1.0,134.1108614,1.38792057,3158.13162882,10
1.0,1.0,1.0,143.3328614,1.55628436,4119.68680294,10
1.0,1.0,1.0,133.6228614,1.33687952,3103.29714343,10
1.0,1.0,1.0,157.7708614,1.50116153,5613.3150985,10
1.0,1.0,1.0,140.2648614,1.51071276,4096.72040869,10
1.0,1.0,1.0,135.0708614,1.43707381,3605.52797655,10
1.0,1.0,1.0,135.1028614,1.46475598,3662.65305109,10
1.0,1.0,1.0,130.70286140000002,1.44285794,3076.35813106,10
1.0,1.0,1.0,140.6108614,1.54750212,4022.35417426,10
1.0,1.0,1.0,135.5748614,1.4373337,4073.64498836,10
1.0,1.0,1.0,141.9748614,1.46831777,3893.0388589000004,10
1.0,1.0,1.0,135.1688614,1.53881899,3747.21926173,10
1.0,1.0,1.0,133.3828614,1.53482146,3755.5495318999997,10
1.0,1.0,1.0,138.6508614,1.42063672,3690.07942579,10
1.0,1.0,1.0,144.5148614,1.56564297,3954.63772771,10
1.0,1.0,1.0,142.0988614,1.50649966,3962.68766034,10
1.0,1.0,1.0,146.4908614,1.4413508,3786.02765766,10
1.0,1.0,1.0,137.0468614,1.44278607,3381.93949131,10
1.0,1.0,1.0,129.3068614,1.37770942,2787.45303795,10
1.0,0.0,0.0,131.1738614,1.31903101,1568.97843469,1
1.0,0.0,0.0,128.61886140000001,1.2258791999999998,1517.03921772,1
1.0,0.0,0.0,132.97686140000002,1.30284839,1628.67982628,1
1.0,0.0,0.0,134.8048614,1.29223553,1619.93300457,1
1.0,0.0,0.0,130.1408614,1.29312713,1601.57642365,1
1.0,0.0,0.0,124.9968614,1.21806978,1692.16793702,1
1.0,0.0,0.0,134.2358614,1.36023132,2267.90268354,1
1.0,0.0,0.0,121.98686140000001,1.30344208,2022.70179812,1
1.0,0.0,0.0,130.5198614,1.36836636,1861.50567784,1
1.0,0.0,0.0,131.25686140000002,1.23698114,1638.09003059,1
1.0,0.0,0.0,135.73886140000002,1.27993452,1949.63177272,1
1.0,0.0,0.0,126.7828614,1.25742287,1604.49994477,1
1.0,0.0,0.0,125.1708614,1.18094467,1541.39783124,1
1.0,0.0,0.0,134.2588614,1.30521478,1675.54924506,1
1.0,0.0,0.0,131.5628614,1.26334795,1544.09252216,1
1.0,0.0,0.0,125.2198614,1.24423028,1602.84091206,1
0.0,2.0,0.0,139.2048614,1.43009141,3566.38149037,2
0.0,3.0,1.0,140.3128614,1.48861655,5247.761414399999,2
0.0,2.0,0.0,136.0868614,1.34061582,3582.05845813,2
0.0,2.0,0.0,132.72086140000002,1.2856902,2755.06283926,2
0.0,2.0,0.0,133.20886140000002,1.28889851,2416.30794098,2
0.0,3.0,1.0,142.8268614,1.44449207,3980.19347342,2
0.0,3.0,1.0,136.2938614,1.3164272,2755.23717145,2
0.0,2.0,0.0,145.0588614,1.28950965,3239.71503843,2
0.0,3.0,1.0,129.9908614,1.23124954,2034.49456824,2
0.0,3.0,1.0,135.48286140000002,1.31167301,3767.82303955,2
0.0,2.0,0.0,139.6928614,1.52127603,4354.33382617,2
0.0,3.0,1.0,137.2288614,1.42789693,4220.56376805,2
0.0,3.0,1.0,133.72086140000002,1.33200866,3389.70722989,2
0.0,3.0,1.0,127.4698614,1.44646638,3753.58989146,2
0.0,2.0,0.0,138.64286140000002,1.40761514,3198.81515082,2
0.0,2.0,0.0,128.1228614,1.3849948,3126.28152991,2
0.0,3.0,1.0,143.8288614,1.45932279,5085.7627235,2
0.0,3.0,1.0,147.6408614,1.68492678,6336.32965773,2
0.0,2.0,0.0,163.22086140000002,1.70066489,6735.687044300001,2
0.0,3.0,1.0,136.5748614,1.35959032,3654.52119005,2
0.0,2.0,0.0,140.6108614,1.33334428,3467.17007687,2
0.0,2.0,0.0,137.6008614,1.49737847,3810.38325258,2
0.0,2.0,0.0,183.4508614,1.92462301,9915.45606011,3
0.0,2.0,0.0,165.5468614,1.6973369999999999,6474.977915500001,3
0.0,3.0,1.0,177.0248614,1.87018499,9013.05197565,3
0.0,2.0,0.0,223.2968614,2.55882965,13018.09082143,3
0.0,2.0,0.0,194.7068614,2.02596834,11045.37938947,3
0.0,2.0,0.0,188.25686140000002,1.99868122,9546.50510135,3
0.0,3.0,1.0,184.4928614,2.02429548,9561.24641563,3
0.0,2.0,0.0,191.1508614,1.97823062,11158.09498925,3
0.0,2.0,0.0,182.71486140000002,1.99425509,10369.66355595,3
0.0,2.0,0.0,197.13086140000001,1.96732585,10926.19965877,3
0.0,2.0,0.0,164.26286140000002,1.92406817,8348.20441864,3
0.0,2.0,0.0,190.9448614,2.10949862,9958.56875432,3
0.0,2.0,0.0,161.6168614,1.7706183999999998,6720.47384247,3
0.0,2.0,0.0,185.4518614,1.9959418999999998,10102.21885817,3
0.0,3.0,1.0,176.3468614,1.90489313,8661.64627506,3
0.0,2.0,0.0,184.3208614,2.06665367,10969.36183574,3
0.0,2.0,0.0,156.0928614,1.60893019,5997.79466316,3
0.0,2.0,0.0,162.38686140000002,1.79125362,7395.95616322,3
0.0,2.0,0.0,200.5708614,2.10277897,11487.18257624,3
0.0,2.0,0.0,201.93486140000002,2.35118779,12998.8718472,3
0.0,2.0,0.0,176.9748614,1.8427168999999999,9360.56643148,3
0.0,2.0,0.0,191.9688614,2.09056944,11575.880161,3
0.0,2.0,0.0,191.25086140000002,2.09844571,10695.619298799998,3
0.0,2.0,0.0,162.1798614,1.83885154,8592.08414686,3
0.0,2.0,0.0,180.1928614,1.81540956,9298.40584709,3
0.0,3.0,1.0,184.6988614,1.94989031,9398.35807365,3
0.0,3.0,1.0,165.0828614,1.64338487,8263.71586073,4
0.0,2.0,0.0,172.43486140000002,1.95040566,8179.28588948,4
0.0,3.0,1.0,203.46486140000002,2.24609383,12199.94087135,4
0.0,4.0,2.0,193.8468614,1.97449555,10159.92381786,4
0.0,3.0,1.0,174.3048614,1.71710812,9232.87364222,4
0.0,3.0,1.0,171.26886140000002,1.82479663,7661.91110379,4
0.0,3.0,1.0,174.7928614,2.00300691,10477.24133759,4
0.0,2.0,0.0,154.0828614,1.79403269,6626.83337278,4
0.0,3.0,1.0,188.1648614,2.05067195,10296.85211481,4
0.0,3.0,1.0,186.9328614,2.08444641,10726.28568968,4
0.0,3.0,1.0,161.0228614,1.68005662,7692.52486099,4
0.0,2.0,0.0,166.3228614,1.91865294,8118.65868032,4
0.0,3.0,1.0,172.5508614,1.84637452,9906.51402823,4
0.0,3.0,1.0,184.01286140000002,1.99798103,10937.02787511,4
0.0,3.0,1.0,187.2888614,1.96488831,10659.02500605,4
0.0,3.0,1.0,167.88686140000002,1.83516308,8525.26540605,4
0.0,3.0,1.0,180.1588614,1.94322302,9071.0400538,4
0.0,4.0,2.0,172.4688614,1.92466583,10098.77683572,4
0.0,3.0,1.0,194.8888614,2.1955752,10933.30075796,4
0.0,3.0,1.0,153.3308614,1.72464344,7442.69212261,5
0.0,4.0,2.0,139.3708614,1.52574871,4872.0284069,5
1.0,3.0,3.0,146.86386140000002,1.54937659,4952.08536698,5
0.0,3.0,1.0,157.1768614,1.75953057,7474.798021799999,5
0.0,2.0,0.0,157.25086140000002,1.66011814,6977.89773411,5
0.0,2.0,0.0,144.0848614,1.65934922,5879.52134197,5
0.0,2.0,0.0,152.6048614,1.82732984,7040.54179101,5
0.0,3.0,1.0,165.17286140000002,1.93472732,9146.97915479,5
0.0,2.0,0.0,163.2228614,1.90045243,7578.8508965,5
0.0,2.0,0.0,144.9028614,1.55388539,5890.61383193,5
0.0,3.0,1.0,179.8048614,1.87859315,9914.70621562,5
0.0,2.0,0.0,162.3948614,1.75033858,7507.13000038,5
0.0,3.0,1.0,131.8788614,1.48453498,3621.13195294,5
0.0,3.0,1.0,159.88086140000001,1.69144059,7813.04669002,5
0.0,4.0,2.0,155.3728614,1.69582878,7497.890570999999,5
0.0,3.0,1.0,155.4308614,1.64090416,7442.47043847,5
0.0,3.0,1.0,157.6648614,1.69811823,7705.12099673,5
0.0,3.0,1.0,176.6688614,2.01951197,8371.92057641,5
0.0,3.0,1.0,174.2788614,1.98406363,9116.31395407,5
0.0,3.0,1.0,167.8028614,1.85811283,8587.88046053,5
0.0,2.0,0.0,186.8088614,1.94511154,12189.99516565,6
0.0,3.0,1.0,207.97086140000002,2.05000824,13458.90125865,6
0.0,3.0,1.0,201.7368614,2.12382195,13774.17085242,6
0.0,3.0,1.0,192.23286140000002,1.95805559,12567.19435663,6
0.0,2.0,0.0,199.9988614,1.97022427,11900.51624394,6
0.0,2.0,0.0,188.1148614,1.83314224,11088.03713939,6
0.0,3.0,1.0,215.23286140000002,2.10748553,14951.70855557,6
0.0,3.0,1.0,198.5108614,2.00894863,12215.26643467,6
0.0,2.0,0.0,194.5088614,1.99957165,11990.3379004,6
0.0,3.0,1.0,210.51886140000002,2.07639239,15091.80552571,6
0.0,3.0,1.0,205.5408614,2.12287209,14013.70409297,6
0.0,3.0,1.0,190.1088614,1.95693977,12037.73784665,6
0.0,3.0,1.0,213.6448614,2.19338083,15399.36053877,6
0.0,3.0,1.0,203.3488614,2.00936118,13495.20252804,6
0.0,3.0,1.0,190.0748614,1.93860368,11141.5373544,6
1.0,1.0,1.0,137.3768614,1.47853051,3882.01046533,7
1.0,1.0,1.0,141.5288614,1.5355598,3979.06929035,7
1.0,1.0,1.0,133.69686140000002,1.49082372,3368.27709314,7
1.0,1.0,1.0,133.9208614,1.56462053,3808.02131663,7
1.0,1.0,1.0,162.7908614,1.70551713,5963.33720493,7
1.0,1.0,1.0,148.4508614,1.62392874,4380.41853474,7
1.0,1.0,1.0,133.8208614,1.40007623,3309.14741841,7
1.0,1.0,1.0,133.9208614,1.56462053,3808.02131663,7
1.0,1.0,1.0,136.2948614,1.45423959,3827.67298269,7
1.0,1.0,1.0,146.1028614,1.51713982,4197.46796051,7
1.0,1.0,1.0,130.9428614,1.51432263,3510.70187832,7
1.0,1.0,1.0,146.0028614,1.66759858,4613.04315518,7
1.0,1.0,1.0,142.3728614,1.53903581,4074.16566155,7
1.0,1.0,1.0,136.7408614,1.36979881,3674.61333614,7
1.0,1.0,1.0,126.51086140000001,1.44142697,3470.60993208,7
1.0,1.0,1.0,151.8908614,1.55629567,4766.8384268,7
1.0,1.0,1.0,148.1628614,1.62322103,4515.29967723,7
1.0,1.0,1.0,133.5648614,1.42920617,3456.27060873,7
0.0,3.0,1.0,182.0698614,1.91811019,9708.53471879,7
1.0,1.0,1.0,131.5568614,1.43054341,3499.25746488,7
1.0,1.0,1.0,130.38086140000001,1.48673376,3279.72721077,7
1.0,1.0,1.0,131.6048614,1.50069104,3172.70514418,7
1.0,1.0,1.0,139.1888614,1.36124998,3415.75707748,7
1.0,1.0,1.0,157.6808614,1.49690314,5409.01012592,7
0.0,2.0,0.0,171.0868614,1.88290775,7781.40453257,8
0.0,3.0,1.0,169.2588614,1.76962316,7795.44036657,8
0.0,3.0,1.0,173.6748614,1.81579301,7754.12940196,8
0.0,2.0,0.0,141.9088614,1.63021891,4761.69675551,8
0.0,2.0,0.0,152.1228614,1.60598117,5428.16787263,8
0.0,2.0,0.0,145.92886140000002,1.56488784,4618.57560839,8
0.0,2.0,0.0,153.8428614,1.8177535,5702.68275949,8
0.0,2.0,0.0,145.0768614,1.56140243,4603.18227782,8
0.0,2.0,0.0,171.4908614,1.96516824,7399.49732324,8
0.0,2.0,0.0,144.5388614,1.64817752,4699.55363577,8
0.0,3.0,1.0,163.6268614,1.80769797,7304.59473814,8
0.0,2.0,0.0,146.18486140000002,1.6288026000000002,4934.95243949,8
0.0,2.0,0.0,153.40486140000002,1.72822555,5576.29404347,8
0.0,3.0,1.0,164.98286140000002,1.93920025,8268.12000624,8
0.0,2.0,0.0,154.9928614,1.72829064,5654.59073461,8
0.0,2.0,0.0,166.21486140000002,1.74985756,7366.93996723,8
0.0,2.0,0.0,164.0148614,1.71361993,6765.264567,8
0.0,2.0,0.0,158.48286140000002,1.72847982,6313.47886248,8
2.0,0.0,2.0,135.5248614,1.258384,1997.32991094,9
2.0,0.0,2.0,128.9738614,1.33927138,1957.84935221,9
2.0,0.0,2.0,133.5568614,1.26502603,1872.54627652,9
2.0,0.0,2.0,135.5908614,1.26795778,2172.98423133,9
2.0,0.0,2.0,139.7008614,1.31509154,2066.56468888,9
2.0,0.0,2.0,140.5528614,1.3136376,2327.40731923,9
2.0,0.0,2.0,142.4788614,1.44562536,2618.4902928,9
2.0,0.0,2.0,139.0138614,1.42529655,2520.04995582,9
2.0,0.0,2.0,137.24386140000001,1.35283878,2252.59786909,9
2.0,0.0,2.0,138.6348614,1.36322519,2542.03959263,9
2.0,0.0,2.0,140.4198614,1.34761779,2450.19120211,9
2.0,0.0,2.0,126.5278614,1.30505987,2250.35911122,9
2.0,0.0,2.0,140.3048614,1.44139202,2519.99985954,9
2.0,0.0,2.0,138.9728614,1.30896745,2188.83193278,9
2.0,0.0,2.0,136.7478614,1.36386259,2222.47842334,9
2.0,0.0,2.0,136.0198614,1.34077358,2164.17779993,9
1.0,1.0,1.0,134.6328614,1.50953883,3598.94277931,10
1.0,1.0,1.0,150.87486140000001,1.7024404999999998,4716.15830577,10
1.0,1.0,1.0,133.8128614,1.43599822,3300.49915797,10
1.0,1.0,1.0,171.5168614,1.62457617,6554.3449456,10
1.0,1.0,1.0,129.3308614,1.29150411,2478.48767402,10
1.0,1.0,1.0,129.8268614,1.35271915,2943.22982148,10
1.0,1.0,1.0,128.1808614,1.30308544,2349.58260413,10
1.0,1.0,1.0,141.5288614,1.5355598,3979.06929035,10
1.0,1.0,1.0,145.6628614,1.51462457,3993.68569875,10
1.0,1.0,1.0,156.95286140000002,1.68554271,5663.02416935,10
1.0,1.0,1.0,133.8128614,1.55537559,3787.03556031,10
1.0,1.0,1.0,138.9068614,1.38108633,3649.43149165,10
1.0,1.0,1.0,128.2308614,1.30955987,2741.03901,10
1.0,1.0,1.0,149.6348614,1.54236423,4258.51180153,10
1.0,1.0,1.0,135.9548614,1.41656929,3366.19369442,10
1.0,1.0,1.0,135.7228614,1.48024982,3505.50150001,10
1.0,1.0,1.0,135.1868614,1.35766009,3049.169759,10
1.0,1.0,1.0,137.1868614,1.45033254,3740.47633317,10
1.0,1.0,1.0,147.7068614,1.55069769,4393.09084635,10
1.0,1.0,1.0,135.9968614,1.44487207,3362.54142546,10
1.0,1.0,1.0,131.88686140000002,1.36766818,3046.96522533,10
1.0,1.0,1.0,140.51286140000002,1.51670387,3837.23209637,10
1.0,1.0,1.0,137.0228614,1.34655623,3593.77474835,10
1.0,1.0,1.0,142.9268614,1.42638097,4118.32732012,10
1.0,0.0,0.0,138.4428614,1.3799056,1918.75047185,1
1.0,0.0,0.0,127.7588614,1.3621881,1549.72096683,1
1.0,0.0,0.0,128.4698614,1.30433057,1668.80498477,1
1.0,0.0,0.0,125.1368614,1.2985483,1622.16847509,1
1.0,0.0,0.0,127.76686140000001,1.23262291,1604.78016155,1
1.0,0.0,0.0,133.3068614,1.30765993,1829.5297412999998,1
1.0,0.0,0.0,128.9738614,1.31114707,1752.9112564,1
1.0,0.0,0.0,132.2158614,1.26304954,1757.95620714,1
1.0,0.0,0.0,131.8028614,1.30882969,1766.95970468,1
1.0,0.0,0.0,130.5788614,1.21708303,1620.64338372,1
1.0,0.0,0.0,131.7948614,1.22374997,1713.43175073,1
1.0,0.0,0.0,129.0988614,1.27645432,1664.23939077,1
1.0,0.0,0.0,131.6208614,1.27805214,1881.47056666,1
1.0,0.0,0.0,126.88286140000001,1.22624778,1606.82530049,1
1.0,0.0,0.0,129.0488614,1.33914322,1605.035208,1
1.0,0.0,0.0,128.1468614,1.2124173999999999,1726.83576108,1
1.0,0.0,0.0,135.0438614,1.38734426,1924.8104898,1
1.0,0.0,0.0,128.3548614,1.2002913999999998,1496.38341174,1
0.0,3.0,1.0,146.3828614,1.38184576,2991.35625462,2
0.0,2.0,0.0,138.5348614,1.29265028,3228.25438036,2
0.0,2.0,0.0,129.2888614,1.25764533,2621.69057036,2
0.0,4.0,2.0,136.1858614,1.47432151,3943.68101262,2
0.0,2.0,0.0,144.1498614,1.28783943,2574.88044094,2
0.0,2.0,0.0,146.2338614,1.37582492,3239.99124598,2
0.0,2.0,0.0,137.1708614,1.29127507,3030.35971675,2
0.0,3.0,1.0,130.8188614,1.31881705,3223.86944887,2
0.0,2.0,0.0,132.4728614,1.38407053,3238.83728661,2
0.0,3.0,1.0,137.5998614,1.36894197,4152.13061797,2
0.0,2.0,0.0,139.9488614,1.35331737,3198.09789126,2
0.0,2.0,0.0,129.0248614,1.41036446,3052.1546463000004,2
0.0,2.0,0.0,134.5978614,1.32594742,3491.2016949,2
0.0,3.0,5.0,150.5438614,1.60169735,4951.45640119,2
0.0,3.0,1.0,139.6768614,1.54786127,3766.46983199,2
0.0,2.0,0.0,130.36386140000002,1.28267425,2429.44892304,2
0.0,3.0,1.0,131.74486140000002,1.3123254999999998,3355.98476171,2
0.0,2.0,0.0,127.55286140000001,1.2818056,2914.5351922,2
0.0,2.0,0.0,129.0588614,1.39103357,2890.50910769,2
0.0,2.0,0.0,130.3478614,1.23602525,2389.43574315,2
0.0,2.0,0.0,160.7908614,1.72801226,6309.70808601,2
0.0,3.0,1.0,135.0608614,1.30375398,3247.02074838,2
0.0,2.0,0.0,132.86986140000002,1.27221844,3383.75103869,2
0.0,2.0,0.0,166.21486140000002,1.92223481,7927.74289127,3
0.0,2.0,0.0,197.87486140000001,2.05335232,10906.43063975,3
0.0,2.0,0.0,193.2608614,2.02614114,11076.60102182,3
0.0,2.0,0.0,187.0148614,1.95258414,10192.86876434,3
0.0,2.0,0.0,190.5648614,2.12328786,11295.04035158,3
0.0,2.0,0.0,162.4038614,1.61671567,6738.52857654,3
0.0,2.0,0.0,175.8008614,1.84181949,9071.29640166,3
0.0,2.0,0.0,183.3848614,2.0626865000000003,10864.25364229,3
0.0,2.0,0.0,178.3308614,1.89464137,9203.61953611,3
0.0,2.0,0.0,194.1528614,1.96232138,11270.59677389,3
0.0,2.0,0.0,189.0988614,1.98250686,10099.49577569,3
0.0,2.0,0.0,190.25686140000002,1.91802611,10275.86294353,3
0.0,2.0,0.0,200.4558614,2.13577166,12815.77671948,3
0.0,2.0,0.0,192.8708614,2.18155665,11221.6569331,3
1.0,1.0,1.0,159.7228614,1.65744807,5540.35815029,3
0.0,2.0,0.0,190.19086140000002,2.07275185,11045.90834198,3
0.0,2.0,0.0,199.5868614,2.19656638,12487.67305285,3
0.0,2.0,0.0,183.8068614,1.94047334,10132.94264009,3
0.0,2.0,0.0,200.6688614,2.12295239,11510.31494346,3
0.0,2.0,0.0,183.2368614,1.82866656,9885.66800306,3
0.0,2.0,0.0,181.4328614,1.92079866,9503.11704631,3
0.0,2.0,0.0,184.96486140000002,1.77204502,9752.96041273,3
0.0,2.0,0.0,193.0688614,1.9769078000000002,10611.24254896,3
0.0,3.0,1.0,209.0628614,2.29042035,12900.69522784,4
0.0,4.0,2.0,192.5408614,2.0767773000000003,11453.76968535,4
0.0,3.0,1.0,189.4968614,1.90188189,10333.62081635,4
0.0,3.0,1.0,172.3788614,1.91173167,8420.24727832,4
0.0,2.0,0.0,183.1448614,2.03427634,9036.09197813,4
0.0,2.0,0.0,152.63686140000002,1.75783809,6438.94189014,4
0.0,3.0,1.0,207.6748614,2.30139674,14634.75337433,4
0.0,3.0,1.0,175.72686140000002,1.85517172,8390.67616432,4
0.0,2.0,0.0,171.5668614,1.74983765,9298.72756729,4
0.0,3.0,1.0,183.88086140000001,1.94946287,10131.45146871,4
0.0,2.0,0.0,189.4548614,1.97266251,10830.3120798,4
0.0,2.0,0.0,172.01286140000002,1.77897367,8697.08466225,4
0.0,3.0,1.0,190.20886140000002,1.99139542,11393.36727149,4
0.0,4.0,2.0,203.7948614,2.20138554,13935.99948462,4
0.0,4.0,2.0,162.7768614,1.78064324,6368.28511708,4
0.0,2.0,0.0,161.7168614,1.59504786,6200.3226653,4
0.0,4.0,2.0,211.3628614,2.20227607,15845.4204244,4
0.0,2.0,0.0,167.6058614,1.94158731,8221.39890301,4
0.0,3.0,1.0,170.13686140000002,1.94324951,8860.47527332,5
0.0,3.0,1.0,169.7128614,1.86212613,9081.4112201,5
0.0,3.0,1.0,152.8668614,1.79523171,6631.01559274,5
0.0,2.0,0.0,168.2008614,1.8076472,8384.33337408,5
0.0,3.0,1.0,171.2528614,1.90366257,8865.65128378,5
0.0,2.0,0.0,136.39286140000002,1.36803896,3387.76163148,5
0.0,3.0,1.0,164.89286140000002,1.80924005,7835.67050126,5
0.0,3.0,1.0,158.1028614,1.78257426,6902.26456977,5
0.0,3.0,1.0,163.0148614,1.89319898,8200.81666235,5
0.0,2.0,0.0,158.64886140000002,1.7137199,7364.01490889,5
0.0,3.0,1.0,149.6758614,1.73242169,5827.96989315,5
0.0,3.0,1.0,155.7948614,1.69410633,6382.72416538,5
0.0,3.0,1.0,154.97686140000002,1.82476097,6841.24582786,5
0.0,2.0,0.0,164.40486140000002,1.80116276,7544.11989085,5
0.0,3.0,1.0,156.6048614,1.79458484,7836.86748431,5
0.0,4.0,2.0,164.21486140000002,1.82401191,7819.85176305,5
0.0,2.0,0.0,148.1288614,1.62776627,6230.0109315,5
0.0,3.0,1.0,153.0568614,1.6261226999999998,6476.26917055,5
0.0,3.0,1.0,161.5668614,1.8230868000000002,8481.51096463,5
0.0,2.0,0.0,186.1888614,2.11965206,11926.49860138,6
0.0,3.0,1.0,221.4098614,2.25524821,16320.75440096,6
0.0,2.0,0.0,179.48886140000002,1.77359218,10886.3583669,6
0.0,3.0,1.0,215.3148614,2.16100379,15196.92998964,6
0.0,3.0,1.0,194.4748614,2.00188244,12748.97861102,6
0.0,2.0,0.0,192.5568614,1.92167826,11324.82093234,6
0.0,3.0,1.0,183.8148614,1.83100068,11323.38392327,6
0.0,3.0,1.0,205.44086140000002,2.00078727,14158.11916279,6
0.0,2.0,0.0,186.4688614,2.01423065,10513.02171566,6
0.0,2.0,0.0,152.50586140000001,1.66703412,6263.50538562,6
0.0,3.0,1.0,186.0388614,1.80967565,10115.29872417,6
0.0,3.0,1.0,227.0688614,2.30538785,17080.82421909,6
0.0,3.0,1.0,201.93486140000002,1.94022786,12500.56686749,6
0.0,3.0,1.0,198.6008614,2.01115404,13512.777880000001,6
0.0,3.0,1.0,208.3848614,2.05283625,14716.93108522,6
0.0,3.0,1.0,187.7768614,1.80419515,10927.11757301,6
0.0,2.0,0.0,188.1328614,1.96023321,12290.77514409,6
0.0,3.0,1.0,185.0628614,2.0213961,10928.32630144,6
0.0,2.0,0.0,208.36886140000001,2.16518068,14598.33255063,6
0.0,3.0,1.0,217.9868614,2.12550758,15088.9268678,6
0.0,3.0,1.0,196.75686140000002,1.96852706,11902.35644751,6
1.0,1.0,1.0,144.99486140000002,1.58493175,4479.01038962,7
1.0,1.0,1.0,159.5168614,1.50836574,5529.82243893,7
1.0,1.0,1.0,133.8128614,1.55537559,3787.03556031,7
1.0,1.0,1.0,171.94686140000002,1.76645935,6143.4148589,7
1.0,1.0,1.0,149.6348614,1.54236423,4258.51180153,7
1.0,1.0,1.0,142.0168614,1.47872341,4026.33835559,7
1.0,1.0,1.0,141.6618614,1.54849889,4162.40206726,7
1.0,1.0,1.0,135.64886140000002,1.46206249,3736.66291173,7
1.0,1.0,1.0,144.8048614,1.53627337,4127.36785739,7
1.0,1.0,1.0,136.7908614,1.38433641,3384.28945986,7
1.0,1.0,1.0,130.67886140000002,1.33456011,2708.41953597,7
1.0,1.0,1.0,155.0088614,1.65391432,5159.22849324,7
1.0,1.0,1.0,135.0448614,1.48398812,3865.48970786,7
1.0,1.0,1.0,133.7808614,1.44509656,3121.22425902,7
1.0,1.0,1.0,127.0808614,1.32501159,2986.68437693,7
1.0,1.0,1.0,141.9508614,1.52998726,4273.27750355,7
1.0,1.0,1.0,136.98886140000002,1.41295889,3650.41682253,7
1.0,1.0,1.0,131.2908614,1.24146523,2419.4578856,7
1.0,1.0,1.0,145.88086140000001,1.63179211,4727.12767387,7
1.0,1.0,1.0,140.0728614,1.38923209,3528.4833270999998,7
1.0,1.0,1.0,139.61886140000001,1.38558598,3607.86202134,7
1.0,1.0,1.0,144.14286140000002,1.51014693,4200.74765527,7
1.0,1.0,1.0,152.40486140000002,1.62034524,5243.267753600001,7
1.0,1.0,1.0,134.6328614,1.50953883,3598.94277931,7
1.0,1.0,1.0,139.21486140000002,1.61542547,4018.88664567,7
1.0,1.0,1.0,133.6228614,1.33687952,3103.29714343,7
0.0,2.0,0.0,182.9788614,1.85176333,8128.64682645,8
0.0,2.0,0.0,175.7008614,1.89375448,7733.44326697,8
0.0,2.0,0.0,148.6408614,1.6371232,4923.79639693,8
0.0,2.0,0.0,148.45886140000002,1.70829928,5631.35960126,8
0.0,2.0,0.0,165.98286140000002,1.77865492,6568.86108164,8
0.0,2.0,0.0,148.2768614,1.83252366,5463.70324565,8
0.0,2.0,0.0,145.4488614,1.65450406,5280.83295423,8
0.0,2.0,0.0,151.0728614,1.71153458,5379.30824137,8
0.0,2.0,0.0,158.73886140000002,1.73777798,6341.38431625,8
0.0,3.0,1.0,166.5048614,1.74804813,7388.36240775,8
0.0,2.0,0.0,167.8028614,1.90878438,6848.91242806,8
0.0,2.0,0.0,147.7888614,1.61912361,4827.52590111,8
0.0,3.0,1.0,158.37486140000001,1.77294169,6822.50492163,8
0.0,3.0,1.0,161.8148614,1.79180657,7290.58156474,8
0.0,2.0,0.0,149.3528614,1.58452432,4844.88390185,8
0.0,2.0,0.0,163.3288614,1.84444499,6493.59174077,8
0.0,2.0,0.0,179.25686140000002,1.96982729,8722.85451167,8
0.0,2.0,0.0,171.41686140000002,1.80462257,7635.35465866,8
0.0,2.0,0.0,156.8208614,1.78096884,5914.95564534,8
0.0,2.0,0.0,156.1508614,1.81502163,5879.71566398,8
0.0,3.0,1.0,148.8728614,1.63718462,5111.11826856,8
2.0,0.0,2.0,141.0648614,1.35068492,2055.06725028,9
2.0,0.0,2.0,134.2588614,1.30989019,1879.32113089,9
2.0,0.0,2.0,137.3188614,1.27573303,1898.09920975,9
2.0,0.0,2.0,136.8968614,1.38097298,2133.62480656,9
2.0,0.0,2.0,134.8048614,1.2564722,1864.70187093,9
2.0,0.0,2.0,130.8848614,1.36281359,2055.45008602,9
2.0,0.0,2.0,137.1528614,1.38178957,2300.60504637,9
2.0,0.0,2.0,132.88686140000002,1.29650434,2076.59607864,9
2.0,0.0,2.0,130.4308614,1.26875402,1916.95007959,9
2.0,0.0,2.0,130.9668614,1.32882179,1835.49317686,9
2.0,0.0,2.0,131.14886140000002,1.34554645,2211.30686332,9
2.0,0.0,2.0,134.4328614,1.31315952,2298.11707873,9
2.0,0.0,2.0,132.1508614,1.28472158,2083.88438138,9
2.0,0.0,2.0,122.45086140000001,1.38839036,2048.90041441,9
2.0,0.0,2.0,135.4088614,1.39201741,2407.18951011,9
1.0,1.0,1.0,145.48286140000002,1.59626934,4437.11299763,10
1.0,1.0,1.0,149.5348614,1.51428165,4363.93137513,10
1.0,1.0,1.0,142.5888614,1.61934016,4173.60813214,10
1.0,1.0,1.0,145.88086140000001,1.63179211,4727.12767387,10
1.0,2.0,2.0,159.5988614,1.60895529,5502.82720887,10
1.0,1.0,1.0,134.97086140000002,1.42891341,3370.49744682,10
1.0,1.0,1.0,138.2708614,1.49799681,4050.59044813,10
1.0,1.0,1.0,134.67286140000002,1.34065608,2783.46355729,10
1.0,1.0,1.0,132.5228614,1.48941457,3423.61798064,10
1.0,1.0,1.0,134.6888614,1.33831772,3260.97243004,10
1.0,1.0,1.0,127.37086140000001,1.46442424,3225.83347319,10
1.0,1.0,1.0,134.48286140000002,1.302759,2915.8465488,10
1.0,1.0,1.0,138.7828614,1.45600128,3590.40935171,10
1.0,1.0,1.0,139.21486140000002,1.61542547,4018.88664567,10
1.0,1.0,1.0,153.25686140000002,1.66774773,5103.71986701,10
1.0,1.0,1.0,159.26886140000002,1.58353623,5357.0823425,10
1.0,0.0,0.0,128.68486140000002,1.31939425,1624.01155591,1
1.0,0.0,0.0,141.0728614,1.3362162,2180.62914883,1
1.0,0.0,0.0,131.3228614,1.2625071,1662.38695428,1
1.0,0.0,0.0,122.44886140000001,1.21294021,1618.52700454,1
1.0,0.0,0.0,125.6008614,1.16434637,1497.75330166,1
1.0,0.0,0.0,125.18686140000001,1.19658827,1607.21226749,1
1.0,0.0,0.0,134.3908614,1.279433,1651.89169277,1
1.0,0.0,0.0,134.8208614,1.36792542,1872.54454929,1
1.0,0.0,0.0,136.9128614,1.41217499,2092.47254395,1
1.0,0.0,0.0,139.66686140000002,1.46325305,2154.43740639,1
1.0,0.0,0.0,131.5368614,1.35581875,1831.15225005,1
1.0,0.0,0.0,129.4038614,1.31042281,1731.03157899,1
1.0,0.0,0.0,132.5388614,1.27419744,1658.77694682,1
1.0,0.0,0.0,135.4328614,1.26648026,1795.47144615,1
1.0,0.0,0.0,128.2708614,1.23604041,1795.0135708,1
1.0,0.0,0.0,130.08986140000002,1.33291948,1734.78387127,1
1.0,0.0,0.0,126.39486140000001,1.26536039,1803.28720088,1
0.0,2.0,0.0,218.3008614,2.22940129,9370.6707355,1
1.0,0.0,0.0,126.18686140000001,1.20892583,1580.81257289,1
1.0,0.0,0.0,136.0868614,1.4954385000000001,1717.3390675,1
1.0,0.0,0.0,127.87386140000001,1.23006376,1640.15550661,1
1.0,0.0,0.0,126.93986140000001,1.29046944,1732.98339977,1
1.0,0.0,0.0,130.0828614,1.29738883,1680.51265899,1
0.0,2.0,0.0,130.5788614,1.23334767,2197.13019726,2
0.0,2.0,0.0,130.51286140000002,1.32165322,2872.47140957,2
0.0,2.0,0.0,140.17286140000002,1.40952129,3187.61196296,2
0.0,3.0,1.0,128.7768614,1.33813263,3486.8929623999998,2
0.0,2.0,0.0,145.4488614,1.3534669,3350.71320324,2
0.0,3.0,1.0,142.4968614,1.60662012,5119.36136764,2
0.0,2.0,0.0,140.1888614,1.36367406,2842.99247777,2
0.0,3.0,1.0,132.6048614,1.26676563,3294.54294855,2
0.0,2.0,0.0,137.5428614,1.27781406,2668.63760983,2
0.0,2.0,0.0,143.6288614,1.42362064,3550.76802375,2
0.0,3.0,1.0,135.2928614,1.34935107,3449.62692305,2
0.0,2.0,0.0,125.53486140000001,1.44934658,3027.62644396,2
0.0,3.0,0.0,139.3948614,1.37995148,3790.13595287,2
0.0,2.0,0.0,143.8768614,1.55758278,4703.26915407,2
0.0,2.0,0.0,141.7108614,1.45487181,4056.32894293,2
0.0,2.0,0.0,136.98886140000002,1.34054011,3296.95490402,2
0.0,2.0,0.0,146.69686140000002,1.41607728,4380.49168804,2
0.0,2.0,0.0,131.2908614,1.25206115,2972.9969292,2
0.0,2.0,0.0,131.5458614,1.28036152,2864.29018692,2
0.0,2.0,0.0,152.47086140000002,1.53124055,4676.59235518,2
0.0,2.0,0.0,212.3568614,2.40583324,13238.90170544,3
0.0,2.0,0.0,189.91086140000002,1.96144194,10494.54043008,3
0.0,2.0,0.0,183.0708614,2.09441386,11134.71572067,3
0.0,2.0,0.0,204.3828614,2.12376177,12497.72280205,3
0.0,2.0,0.0,204.3668614,2.11358187,11473.95685243,3
0.0,2.0,0.0,204.5158614,2.11370282,11909.1136868,3
0.0,2.0,0.0,198.5688614,2.22464944,11660.19766344,3
0.0,2.0,0.0,162.8658614,1.69928585,7045.79082495,3
0.0,2.0,0.0,180.7548614,1.90825298,9236.34701673,3
0.0,2.0,0.0,188.0988614,1.9298357,10866.63757555,3
0.0,2.0,0.0,182.7648614,1.87759576,9377.22122106,3
0.0,2.0,0.0,221.2128614,2.21879511,14512.73868474,3
0.0,2.0,0.0,200.5208614,2.03190677,12182.09750429,3
0.0,2.0,0.0,188.2968614,1.8251411,8658.34938783,3
0.0,2.0,0.0,143.8528614,1.58802371,4790.23374621,3
0.0,4.0,2.0,184.0288614,1.76409537,9560.24593987,4
0.0,3.0,1.0,165.4968614,1.88716172,8692.21883039,4
0.0,3.0,1.0,192.20886140000002,1.94018417,11319.72949579,4
0.0,3.0,1.0,175.7018614,1.87470459,7955.09645503,4
0.0,2.0,0.0,165.4628614,1.60856847,7739.40695489,4
0.0,3.0,1.0,188.25686140000002,2.05014521,10306.11730907,4
0.0,4.0,2.0,182.5088614,1.96569877,9698.37611408,4
0.0,3.0,1.0,176.2988614,1.8470369,9528.44766345,4
0.0,3.0,1.0,200.4128614,2.24708138,13358.62187728,4
0.0,2.0,0.0,162.94086140000002,1.59354163,6285.72459904,4
0.0,3.0,1.0,179.3908614,1.87298351,9118.29772043,4
0.0,3.0,1.0,179.2008614,1.90659082,8873.64522373,4
0.0,3.0,1.0,174.0568614,1.85715276,8846.74426293,4
0.0,3.0,1.0,184.8148614,1.94567248,10767.47203211,4
0.0,3.0,1.0,198.5268614,1.94507826,11782.60371061,4
0.0,2.0,0.0,148.98886140000002,1.72013172,6202.22160239,4
0.0,3.0,1.0,190.3488614,2.19032276,10871.54538053,4
0.0,3.0,1.0,180.8288614,1.86017539,9153.84466241,4
0.0,3.0,1.0,170.0948614,1.78326949,8538.21315242,4
0.0,4.0,1.0,154.9928614,1.77318878,7537.86346495,5
0.0,4.0,2.0,155.6288614,1.79829973,7490.57478418,5
0.0,3.0,1.0,146.3508614,1.69251243,7045.28570481,5
0.0,2.0,0.0,162.6268614,1.7229165000000002,7025.18058338,5
0.0,3.0,1.0,164.1228614,1.72543221,8533.38108543,5
0.0,4.0,2.0,165.0588614,1.89302446,6946.70657449,5
0.0,4.0,2.0,161.8168614,1.77280953,8095.26066754,5
0.0,3.0,1.0,154.7868614,1.77229012,6892.643237800001,5
0.0,3.0,1.0,151.8828614,1.6989292,6699.96983825,5
0.0,3.0,1.0,154.93486140000002,1.68852235,7329.97313433,5
0.0,4.0,2.0,168.1268614,1.88359507,9468.03359224,5
0.0,3.0,1.0,162.47686140000002,1.83189013,7243.71582159,5
0.0,2.0,0.0,149.1208614,1.63371655,5774.54873649,5
0.0,5.0,1.0,99.5088614,1.5499578999999999,3579.87140209,5
0.0,2.0,0.0,162.5688614,1.74966161,7734.96519969,5
0.0,2.0,0.0,155.72086140000002,1.75291979,6811.65807908,5
0.0,4.0,2.0,155.9608614,1.77263915,7675.37395462,5
0.0,3.0,1.0,168.8948614,1.90121697,9983.23234315,5
0.0,3.0,1.0,153.9508614,1.76855486,7029.15084607,5
0.0,3.0,1.0,152.9508614,1.64137559,5971.371266100001,5
0.0,2.0,0.0,155.7048614,1.73758801,6036.654281100001,5
0.0,3.0,1.0,157.0528614,1.7116049,6720.01525585,5
0.0,3.0,1.0,163.6208614,1.73835785,8313.90784365,5
0.0,3.0,1.0,159.75686140000002,1.70701839,7929.07169683,5
0.0,3.0,1.0,159.1528614,1.80745268,9255.02741174,5
0.0,3.0,1.0,168.4568614,1.79740185,8899.88312117,5
0.0,2.0,0.0,159.0448614,1.70800904,6636.69754428,5
0.0,2.0,0.0,209.69086140000002,2.09925077,14252.11793566,6
0.0,3.0,1.0,164.5528614,1.66851466,6735.73773822,6
0.0,3.0,1.0,201.7348614,2.00950383,13699.03216397,6
0.0,2.0,0.0,196.0468614,1.98913938,12145.22011469,6
0.0,3.0,1.0,216.76186140000002,2.08753755,14591.28072843,6
0.0,2.0,0.0,194.8228614,1.93223847,11839.82989873,6
0.0,2.0,0.0,216.88686140000002,2.15373142,15639.27044716,6
0.0,2.0,0.0,180.2258614,1.94679396,11082.96232739,6
0.0,3.0,1.0,185.6088614,1.83519227,11030.0495166,6
0.0,3.0,1.0,208.0698614,2.10298181,14814.88333754,6
0.0,3.0,1.0,200.6288614,2.00852955,13305.85370984,6
0.0,3.0,1.0,217.2908614,2.13149233,17242.28532849,6
0.0,3.0,1.0,211.2548614,2.07731263,13534.03370702,6
0.0,3.0,1.0,171.01286140000002,1.94846947,9400.38384329,6
0.0,3.0,1.0,205.1838614,2.3571087000000004,12791.59489034,6
0.0,3.0,1.0,165.78586140000002,1.81492431,9300.10913063,6
0.0,3.0,1.0,191.1598614,1.98636032,12188.13366522,6
0.0,3.0,1.0,206.0208614,2.29729242,13819.73446599,6
1.0,1.0,1.0,140.1888614,1.4904666000000002,3541.76662179,7
1.0,1.0,1.0,128.1808614,1.30308544,2349.58260413,7
1.0,1.0,1.0,138.3608614,1.35315224,3787.67129162,7
1.0,1.0,1.0,132.99486140000002,1.39818192,3345.73263378,7
1.0,1.0,1.0,131.2988614,1.42246366,3277.27553557,7
1.0,1.0,1.0,160.1448614,1.52548619,5962.29315444,7
1.0,2.0,2.0,159.5988614,1.60895529,5502.82720887,7
1.0,1.0,1.0,162.2868614,1.57395839,5573.32435337,7
0.0,2.0,0.0,138.73286140000002,1.39770777,3486.44701557,7
1.0,1.0,1.0,169.5308614,1.62888417,6107.11476625,7
1.0,1.0,1.0,131.9608614,1.49864106,3091.32230046,7
1.0,1.0,1.0,131.91086140000002,1.34013465,2746.5139266999995,7
1.0,1.0,1.0,135.8388614,1.38093659,3486.65477566,7
1.0,1.0,1.0,134.7968614,1.34022251,3433.30540507,7
1.0,1.0,1.0,150.87486140000001,1.7024404999999998,4716.15830577,7
1.0,1.0,1.0,141.8108614,1.49086498,3927.74501603,7
1.0,1.0,1.0,162.5528614,1.71011471,5769.38831342,7
0.0,2.0,0.0,158.01886140000002,1.69453658,6276.70135541,8
0.0,2.0,0.0,142.74486140000002,1.59047386,4396.19384238,8
0.0,3.0,1.0,151.19686140000002,1.76797594,5503.03985958,8
0.0,2.0,0.0,162.89886140000002,1.84999492,6739.80739253,8
0.0,2.0,0.0,155.6708614,1.67909143,5771.40375449,8
0.0,2.0,0.0,167.19086140000002,1.78902002,7505.71797375,8
0.0,2.0,0.0,170.2928614,1.9277278000000002,7822.51754013,8
0.0,2.0,0.0,145.16686140000002,1.6945568,5025.3571055,8
0.0,2.0,0.0,148.9968614,1.47865381,4450.29272272,8
0.0,2.0,0.0,144.65486140000002,1.65220215,5119.47723122,8
0.0,2.0,0.0,165.0568614,1.81516331,7636.31545129,8
0.0,2.0,0.0,149.7408614,1.66066967,5272.36144744,8
0.0,2.0,0.0,164.2888614,1.75923336,7185.35235851,8
0.0,2.0,0.0,159.5408614,1.77623117,7222.24527227,8
0.0,2.0,0.0,148.88086140000001,1.71601283,5248.51332994,8
0.0,2.0,0.0,153.6528614,1.66219229,5307.17066737,8
0.0,2.0,0.0,150.7828614,1.74965857,5262.35114476,8
0.0,3.0,1.0,153.8348614,1.62405498,5670.60897325,8
1.0,1.0,1.0,190.9428614,1.97740916,8075.11609646,9
2.0,0.0,2.0,125.3928614,1.22338948,1671.22864523,9
2.0,0.0,2.0,134.8618614,1.25563345,2222.22334356,9
2.0,0.0,2.0,131.3308614,1.35009514,2183.60360813,9
2.0,0.0,2.0,132.42286140000002,1.28431884,1909.57626195,9
2.0,0.0,2.0,136.1028614,1.32392787,1866.86553226,9
2.0,0.0,2.0,135.0528614,1.26501366,2251.76189391,9
2.0,0.0,2.0,130.0668614,1.25043221,1909.78970305,9
2.0,0.0,2.0,133.3168614,1.38063283,2400.04986685,9
2.0,0.0,2.0,136.2768614,1.39815813,2337.21906669,9
2.0,0.0,2.0,133.4748614,1.24136825,2036.58768042,9
2.0,0.0,2.0,131.25686140000002,1.25605077,1709.86694476,9
2.0,0.0,2.0,131.23286140000002,1.27428462,1785.37461707,9
2.0,0.0,2.0,129.40486140000002,1.33029565,2059.8065336,9
2.0,1.0,3.0,141.72686140000002,1.37618245,2574.03475248,9
2.0,0.0,2.0,125.3688614,1.26306796,2031.28144806,9
2.0,0.0,2.0,134.4318614,1.29692309,2001.01414458,9
2.0,0.0,2.0,122.5238614,1.20995903,1654.65170731,9
1.0,1.0,1.0,136.9388614,1.45077032,3536.37415995,10
1.0,1.0,1.0,161.7828614,1.62993224,5845.27094085,10
1.0,1.0,1.0,127.23086140000001,1.41761572,2834.11747214,10
1.0,1.0,1.0,137.3768614,1.47853051,3882.01046533,10
1.0,1.0,1.0,133.6888614,1.41633887,3347.2783197,10
1.0,1.0,1.0,138.0888614,1.46502154,3653.94389523,10
1.0,1.0,1.0,141.4868614,1.40586513,3506.94392807,10
1.0,1.0,1.0,133.1268614,1.33697184,2968.13187325,10
1.0,1.0,1.0,140.21486140000002,1.38978175,3632.04157742,10
1.0,1.0,1.0,137.0388614,1.37888338,3360.46849403,10
0.0,3.0,1.0,180.3408614,1.97426373,10788.408397399999,10
1.0,1.0,1.0,138.8408614,1.47613486,3995.81206803,10
1.0,1.0,1.0,153.0828614,1.54921299,5036.12071079,10
1.0,1.0,1.0,140.49486140000002,1.44622392,3752.24638582,10
1.0,1.0,1.0,155.0088614,1.65391432,5159.22849324,10
1.0,1.0,1.0,130.5788614,1.44148907,3346.08393158,10
1.0,1.0,1.0,138.7248614,1.51639468,3861.44976225,10
1.0,1.0,1.0,141.25686140000002,1.56657965,4140.39526435,10
1.0,1.0,1.0,148.4508614,1.62392874,4380.41853474,10
1.0,1.0,1.0,133.5648614,1.34908708,3301.98982923,10
1.0,1.0,1.0,137.22086140000002,1.50904525,3737.86499584,10
0.0,2.0,0.0,177.7528614,1.94886912,9450.66631764,10
0.0,2.0,0.0,138.73286140000002,1.39770777,3486.44701557,10
1.0,1.0,1.0,132.1588614,1.51445037,3409.96178763,10
1.0,1.0,1.0,157.4988614,1.65579375,5326.02588861,10
1.0,0.0,0.0,133.1508614,1.31169276,1620.22177892,1
1.0,0.0,0.0,129.4788614,1.27087816,1695.05528143,1
1.0,0.0,0.0,131.0588614,1.31040314,2027.21136662,1
1.0,0.0,0.0,129.3468614,1.30564601,1547.26372726,1
1.0,0.0,0.0,136.1108614,1.2721216999999998,1819.02008544,1
1.0,0.0,0.0,134.50686140000002,1.3629774,1745.60012462,1
1.0,0.0,0.0,123.2688614,1.17555899,1647.61918626,1
1.0,0.0,0.0,123.8878614,1.28820481,1664.23940964,1
1.0,0.0,0.0,127.94886140000001,1.31795585,1595.63213875,1
1.0,0.0,0.0,134.24986140000001,1.28543183,1949.58130647,1
1.0,0.0,0.0,124.1368614,1.2636163,1560.03417439,1
1.0,0.0,0.0,131.1988614,1.28776053,1697.67743159,1
1.0,0.0,0.0,127.94886140000001,1.3241497,1652.67322377,1
1.0,0.0,0.0,133.01886140000002,1.29469852,1813.31245177,1
1.0,0.0,0.0,125.31086140000001,1.28310706,1573.4046264,1
1.0,0.0,0.0,134.01886140000002,1.34507793,1871.81312587,1
1.0,0.0,0.0,126.99886140000001,1.26663038,1542.46262651,1
1.0,0.0,0.0,130.2308614,1.31710131,1669.67378929,1
1.0,0.0,0.0,124.4258614,1.27657056,1701.5585852000002,1
1.0,0.0,0.0,127.4608614,1.29241335,1608.96383181,1
1.0,0.0,0.0,126.95686140000001,1.27581627,1608.74060948,1
1.0,0.0,0.0,136.39286140000002,1.38656855,1885.0995848999999,1
1.0,0.0,0.0,128.4198614,1.33442301,1634.09960556,1
1.0,0.0,0.0,131.5548614,1.29439272,1768.84941731,1
1.0,0.0,0.0,133.46486140000002,1.29672601,1568.88156182,1
1.0,0.0,0.0,123.23686140000001,1.36567763,2097.18858445,1
1.0,0.0,0.0,131.93486140000002,1.25178142,1555.87773847,1
1.0,0.0,0.0,130.2808614,1.29855226,1705.01938724,1
1.0,0.0,0.0,132.5968614,1.37410275,1632.04728114,1
1.0,0.0,0.0,131.25686140000002,1.26114043,1719.12560259,1
1.0,0.0,0.0,124.0208614,1.22100722,1454.97629311,1
1.0,0.0,0.0,133.5888614,1.38344967,1666.20549321,1
1.0,0.0,0.0,135.9788614,1.30348946,1853.99154367,1
1.0,0.0,0.0,132.4148614,1.31166029,1836.50738764,1
0.0,3.0,1.0,141.47086140000002,1.5159869,5416.70751147,2
0.0,3.0,1.0,139.23886140000002,1.4448851,3672.3180138000002,2
0.0,2.0,0.0,137.1708614,1.28132563,2916.29240612,2
0.0,2.0,0.0,134.1268614,1.29398062,2989.56261038,2
0.0,3.0,1.0,141.9428614,1.42822737,4125.99530329,2
0.0,2.0,0.0,132.0928614,1.28263531,2831.14756982,2
0.0,4.0,4.0,155.0748614,1.5129805,4419.57988061,2
0.0,2.0,0.0,142.3888614,1.40355403,3740.2003144,2
0.0,3.0,1.0,142.6868614,1.51702495,4909.85684768,2
0.0,2.0,0.0,130.8598614,1.24369409,2297.98398553,2
0.0,2.0,0.0,132.2168614,1.29306468,2762.74753002,2
0.0,3.0,1.0,135.6158614,1.34669357,3253.93295907,2
0.0,2.0,0.0,135.4748614,1.30016033,3061.81666364,2
0.0,3.0,1.0,146.58986140000002,1.41174207,4624.49114961,2
0.0,3.0,1.0,135.6648614,1.30349332,3242.31527981,2
0.0,2.0,0.0,137.7238614,1.28158231,2761.85954204,2
0.0,3.0,1.0,142.6868614,1.35996271,3636.16944442,2
0.0,3.0,1.0,132.3828614,1.28927586,3256.69301915,2
0.0,3.0,1.0,134.0108614,1.34245109,3413.02931955,2
0.0,3.0,1.0,143.0348614,1.35175541,4163.44277277,2
0.0,2.0,0.0,144.4488614,1.35377064,3793.7682557999997,2
0.0,3.0,1.0,136.6658614,1.33497178,3090.64487824,2
0.0,2.0,0.0,186.13086140000001,1.93937355,10791.49646182,3
0.0,2.0,0.0,197.26286140000002,2.08986041,9520.67375104,3
0.0,2.0,0.0,207.8228614,2.17281474,12274.34405651,3
0.0,2.0,0.0,174.9748614,2.06382425,10287.06586051,3
0.0,2.0,0.0,169.3828614,1.92519257,8596.95747912,3
0.0,2.0,0.0,180.3248614,1.89840318,9638.13522584,3
1.0,1.0,1.0,153.4788614,1.58836105,5167.20129238,3
0.0,2.0,0.0,176.7098614,1.78145548,8826.38713119,3
0.0,2.0,0.0,189.67886140000002,1.98858756,10490.34366831,3
0.0,2.0,0.0,169.0208614,1.9849404,10014.86185839,3
0.0,2.0,0.0,184.7828614,2.03363998,9803.58515475,3
0.0,2.0,0.0,180.2668614,2.04392822,10484.02125131,3
0.0,2.0,0.0,191.5308614,1.88795605,10609.47774693,3
0.0,2.0,0.0,189.8188614,2.01956004,9573.069189299998,3
0.0,2.0,0.0,188.67886140000002,2.05934962,11500.40173772,3
0.0,2.0,0.0,184.4268614,2.03281845,9667.24018949,3
0.0,2.0,0.0,164.4968614,1.75514943,9084.26146575,3
0.0,2.0,0.0,206.8388614,2.02407544,12424.14439066,3
0.0,3.0,1.0,193.9448614,2.20079255,11751.944646799999,4
0.0,4.0,2.0,211.3628614,2.20227607,15845.4204244,4
0.0,3.0,1.0,178.2248614,1.94089523,9466.05654668,4
0.0,4.0,2.0,202.6708614,2.00512342,11249.85636477,4
0.0,4.0,2.0,179.7048614,1.86986918,9534.49310992,4
0.0,3.0,1.0,183.1528614,1.99307728,9901.10829177,4
0.0,3.0,1.0,163.0818614,1.73017894,6343.28229698,4
0.0,4.0,2.0,158.5088614,1.70845415,7317.15570253,4
0.0,3.0,1.0,164.9188614,1.72662127,8540.31583885,4
0.0,3.0,1.0,174.26286140000002,1.90629051,9209.63708326,4
0.0,4.0,2.0,191.39886140000002,2.07971809,11453.37389317,4
0.0,2.0,0.0,170.6148614,1.95836418,8276.33940945,4
0.0,3.0,1.0,208.3948614,2.14374514,13418.2054558,4
0.0,3.0,1.0,188.8348614,1.94641899,10856.93209874,4
0.0,2.0,0.0,169.58986140000002,1.77308381,7537.66165576,4
0.0,3.0,1.0,189.1408614,1.97885159,11244.67882611,4
0.0,4.0,2.0,175.9748614,1.89119403,9061.17502745,4
0.0,2.0,0.0,176.0408614,1.77019531,7356.22593265,4
0.0,4.0,2.0,175.4368614,1.97328854,8248.42138255,4
0.0,3.0,1.0,155.16686140000002,1.76792487,7200.17474359,4
0.0,4.0,2.0,154.3568614,1.74592593,7682.99167606,5
0.0,3.0,1.0,153.5288614,1.76663919,7098.60031932,5
0.0,3.0,1.0,174.3468614,1.82784733,9602.3226631,5
0.0,3.0,1.0,156.9028614,1.75370369,7847.20144767,5
0.0,3.0,1.0,162.34586140000002,1.74093775,8835.0790058,5
0.0,3.0,1.0,173.5928614,1.83650506,8935.83116468,5
0.0,3.0,1.0,149.7408614,1.71169645,6359.7405547,5
0.0,4.0,2.0,168.4148614,1.86488962,9126.64509546,5
0.0,4.0,2.0,169.6068614,1.98666431,9267.35803588,5
0.0,3.0,1.0,153.6028614,1.768963,7176.36622421,5
0.0,3.0,1.0,163.0648614,1.73738651,8403.62396801,5
0.0,4.0,2.0,175.3468614,1.95831579,9890.35018353,5
0.0,2.0,0.0,160.7248614,1.80924885,6880.07858987,5
0.0,3.0,1.0,140.3128614,1.52236644,5668.756006600001,5
0.0,2.0,0.0,190.3548614,1.99018455,10787.27553586,6
0.0,2.0,0.0,178.9268614,2.07448242,9820.566202700002,6
0.0,2.0,0.0,213.3968614,2.17789238,14333.80085669,6
0.0,2.0,0.0,191.9028614,2.23819842,11197.45948873,6
0.0,3.0,1.0,189.8018614,1.7633157,11438.77821374,6
0.0,3.0,1.0,191.14286140000002,2.03945705,13029.40532406,6
0.0,3.0,1.0,190.4728614,1.93508918,11436.20231617,6
0.0,2.0,0.0,170.0198614,1.68520297,8105.9909604,6
0.0,3.0,1.0,173.6828614,1.66395848,8841.96861598,6
0.0,2.0,0.0,205.3248614,2.06860979,12950.39248214,6
0.0,3.0,1.0,214.7368614,2.12449834,15319.35065207,6
0.0,3.0,1.0,206.9548614,2.06666105,13778.03770377,6
0.0,3.0,1.0,199.9668614,2.03949376,13436.64656485,6
0.0,3.0,1.0,195.4668614,1.94585482,12046.50496769,6
0.0,3.0,1.0,187.76886140000002,1.9591151000000002,11744.77643167,6
0.0,3.0,1.0,203.6208614,1.9725109,12767.03297007,6
0.0,3.0,1.0,209.1128614,2.03171144,14793.9348873,6
0.0,3.0,1.0,186.2468614,1.96211498,11315.08863606,6
0.0,3.0,1.0,187.6688614,2.00959042,10700.89391571,6
1.0,1.0,1.0,142.72086140000002,1.5989611000000001,4312.91425973,7
1.0,1.0,1.0,151.1628614,1.54274267,4900.63251141,7
1.0,1.0,1.0,135.5748614,1.4373337,4073.64498836,7
1.0,1.0,1.0,136.0208614,1.39002657,3244.83123599,7
1.0,1.0,1.0,143.0268614,1.61388531,4249.8857926,7
1.0,1.0,1.0,133.3828614,1.53482146,3755.5495318999997,7
1.0,2.0,1.0,139.8508614,1.4581583,3524.81650366,7
1.0,1.0,1.0,131.5048614,1.51447201,3631.0045409000004,7
1.0,1.0,1.0,133.6888614,1.41633887,3347.2783197,7
1.0,1.0,1.0,141.9748614,1.46831777,3893.0388589000004,7
1.0,1.0,1.0,131.5968614,1.33868202,3078.47781712,7
1.0,1.0,1.0,139.0388614,1.39019185,3757.75094337,7
1.0,1.0,1.0,160.0048614,1.70844316,5346.4333071,7
1.0,1.0,1.0,138.7008614,1.47779849,3694.51374331,7
1.0,1.0,1.0,131.5548614,1.40066222,3258.89191918,7
1.0,1.0,1.0,139.38686140000002,1.45730756,3729.17420228,7
1.0,1.0,1.0,144.5648614,1.36852057,4335.9687508,7
1.0,1.0,1.0,140.21486140000002,1.38978175,3632.04157742,7
1.0,1.0,1.0,145.6628614,1.51462457,3993.68569875,7
1.0,1.0,1.0,135.1868614,1.35766009,3049.169759,7
1.0,1.0,1.0,133.1268614,1.33697184,2968.13187325,7
0.0,2.0,0.0,165.3148614,1.87288504,6989.19393173,8
0.0,2.0,0.0,143.1568614,1.64047994,4602.78002022,8
0.0,3.0,1.0,149.3528614,1.74641367,5238.07418614,8
0.0,2.0,0.0,152.1808614,1.87359386,6067.46984586,8
0.0,2.0,0.0,151.6008614,1.77728655,5366.17405215,8
0.0,2.0,0.0,151.6928614,1.73973269,5907.46622328,8
0.0,2.0,0.0,151.7008614,1.72422032,5305.9176856,8
0.0,3.0,1.0,161.51886140000002,1.76423078,6808.95811513,8
0.0,2.0,0.0,146.7968614,1.68080562,5290.63243246,8
0.0,2.0,0.0,151.38686140000002,1.73336055,5417.69733049,8
0.0,2.0,0.0,155.5968614,1.67584498,5590.62405912,8
0.0,2.0,0.0,153.0568614,1.79902264,6496.40396237,8
0.0,3.0,1.0,149.3528614,1.74641367,5238.07418614,8
0.0,3.0,1.0,169.3328614,1.93248312,7978.35044657,8
0.0,2.0,0.0,145.7048614,1.55687133,4794.74798996,8
0.0,3.0,1.0,177.6448614,2.05961888,8540.49536604,8
0.0,2.0,0.0,184.7228614,2.02835398,8516.52647854,8
0.0,2.0,0.0,155.0508614,1.70902573,5522.52423308,8
0.0,2.0,0.0,158.7968614,1.72037109,5638.37972091,8
2.0,0.0,2.0,126.6428614,1.2686423,2121.95896282,9
2.0,0.0,2.0,135.2928614,1.2658668,1992.68770232,9
2.0,0.0,2.0,132.2168614,1.36282786,1843.30938368,9
2.0,0.0,2.0,126.65086140000001,1.30112057,1923.82535347,9
2.0,0.0,2.0,135.5828614,1.35563674,2055.99693076,9
2.0,0.0,2.0,136.9548614,1.29357047,2256.3019163000004,9
2.0,0.0,2.0,120.12686140000001,1.40830239,2450.88763473,9
2.0,0.0,2.0,135.0948614,1.35160669,2031.04863098,9
2.0,0.0,2.0,135.5168614,1.32216381,1963.82280593,9
2.0,0.0,2.0,135.9128614,1.2765927,2114.62543984,9
2.0,0.0,2.0,123.93886140000001,1.28092716,1828.75660303,9
2.0,0.0,2.0,129.0328614,1.33988404,1740.09897719,9
2.0,0.0,2.0,127.6348614,1.25658769,2098.88005018,9
2.0,0.0,2.0,132.4388614,1.35431029,1942.15511033,9
2.0,0.0,2.0,132.99486140000002,1.30856114,2065.99875123,9
2.0,0.0,2.0,133.39886140000002,1.29455002,2121.61427396,9
2.0,0.0,2.0,125.95686140000001,1.28633661,1810.83901267,9
2.0,0.0,2.0,128.5288614,1.26079063,2036.14896442,9
2.0,0.0,2.0,131.3648614,1.28550499,1949.70508931,9
1.0,1.0,1.0,166.5468614,1.84848215,6782.34952123,10
1.0,1.0,1.0,137.6168614,1.41190611,3772.102425,10
1.0,1.0,1.0,139.1888614,1.36124998,3415.75707748,10
1.0,1.0,1.0,134.4328614,1.36222755,3336.49621124,10
1.0,1.0,1.0,135.7728614,1.43740405,3501.14466772,10
1.0,1.0,1.0,137.6088614,1.43282595,3886.52541399,10
1.0,1.0,1.0,140.4038614,1.63060254,3943.38056624,10
1.0,1.0,1.0,130.9268614,1.23732838,2435.214416,10
1.0,1.0,1.0,138.5588614,1.4826443,3905.88349701,10
1.0,1.0,1.0,127.0808614,1.32501159,2986.68437693,10
1.0,1.0,1.0,138.7748614,1.481761,3734.58627414,10
1.0,1.0,1.0,134.8148614,1.39520631,3344.9280046,10
1.0,1.0,1.0,139.61886140000001,1.38558598,3607.86202134,10
1.0,1.0,1.0,139.8828614,1.47572881,3902.31998508,10
1.0,0.0,0.0,127.2628614,1.32963668,1647.72023493,1
1.0,0.0,0.0,129.3468614,1.21089933,1635.04409893,1
1.0,0.0,0.0,127.12986140000001,1.27032101,1739.28312447,1
1.0,0.0,0.0,135.8468614,1.36688949,1640.18658283,1
1.0,0.0,0.0,134.3248614,1.30199634,1785.05823338,1
1.0,0.0,0.0,132.42286140000002,1.23697413,1655.20500139,1
1.0,0.0,0.0,133.0348614,1.25094805,1718.36727738,1
1.0,0.0,0.0,134.8208614,1.27699841,1897.19666116,1
1.0,0.0,0.0,124.3848614,1.36477753,1788.18041959,1
1.0,0.0,0.0,136.64886140000002,1.27365953,1712.3832063000002,1
1.0,0.0,0.0,125.44286140000001,1.29821497,1591.47252937,1
1.0,0.0,0.0,128.3048614,1.24511603,1543.95558114,1
1.0,0.0,0.0,128.7428614,1.29212545,1698.45440055,1
1.0,0.0,0.0,127.88286140000001,1.32794238,1631.55110911,1
1.0,0.0,0.0,129.8508614,1.29914115,1551.03520209,1
1.0,0.0,0.0,136.9788614,1.30855017,1963.71145831,1
1.0,0.0,0.0,127.1468614,1.21953048,1521.02281449,1
1.0,0.0,0.0,131.0668614,1.24636898,1795.98588722,1
1.0,0.0,0.0,122.9048614,1.20199446,1439.53493978,1
1.0,0.0,0.0,127.13886140000001,1.19219994,1613.15094017,1
0.0,2.0,0.0,137.6168614,1.32842727,3366.23137946,2
0.0,3.0,1.0,153.9088614,1.35545472,4170.92337429,2
0.0,3.0,1.0,136.0788614,1.47533756,4657.63654828,2
0.0,3.0,1.0,139.6588614,1.38427079,4088.05286275,2
0.0,3.0,1.0,150.3548614,1.76573138,6730.24760501,2
0.0,3.0,1.0,140.0818614,1.48406818,4474.20867859,2
0.0,2.0,0.0,139.26186140000002,1.24106179,2250.27669541,2
0.0,3.0,1.0,157.3168614,1.7514705000000002,6954.97464162,2
0.0,3.0,1.0,141.6108614,1.35826209,4615.54173256,2
0.0,2.0,0.0,132.7708614,1.28617456,2900.26113608,2
0.0,2.0,0.0,141.0248614,1.3173262,2880.77025986,2
0.0,2.0,0.0,132.2908614,1.30721225,3196.2958112,2
0.0,2.0,0.0,137.0628614,1.33724728,3381.2786131,2
0.0,2.0,0.0,144.5808614,1.34612235,3621.02675614,2
0.0,3.0,1.0,135.5078614,1.44172323,4255.36281077,2
0.0,3.0,1.0,148.4008614,1.45660389,4637.84050622,2
0.0,2.0,0.0,171.36886140000001,1.93834816,8498.50095303,3
0.0,2.0,0.0,200.9428614,2.11105728,12115.81579562,3
0.0,2.0,0.0,193.0688614,1.9576580000000001,10291.73573528,3
0.0,2.0,0.0,194.69086140000002,2.00544152,10439.85147866,3
0.0,2.0,0.0,200.6128614,2.19288939,12560.34517675,3
0.0,2.0,0.0,204.4748614,2.20228202,13686.01870696,3
0.0,2.0,0.0,187.3388614,1.91697367,9772.3308844,3
0.0,2.0,0.0,185.3208614,1.94155803,11312.41586538,3
0.0,2.0,0.0,177.1748614,2.04042927,9774.5042111,3
0.0,2.0,0.0,185.6768614,1.9954610000000002,11184.70834278,3
0.0,2.0,0.0,175.8008614,1.90038901,8519.37828777,3
0.0,2.0,0.0,193.0028614,1.83638771,10251.05966211,3
0.0,2.0,0.0,187.7768614,1.9672889,10303.50151967,3
0.0,2.0,0.0,205.0028614,2.08812892,12375.0608582,3
0.0,2.0,0.0,199.66086140000002,1.93872756,12370.72520003,3
0.0,2.0,0.0,172.1948614,1.93222064,8935.58405193,3
0.0,2.0,0.0,184.5428614,1.92677449,10506.45990458,3
0.0,2.0,0.0,169.9368614,1.78779705,8925.45314633,3
0.0,2.0,0.0,204.6988614,2.07961675,12819.32766214,3
0.0,2.0,0.0,199.7108614,1.92782593,11420.75538351,3
0.0,4.0,2.0,188.7188614,1.9744365000000001,10852.68011351,4
0.0,3.0,1.0,203.0918614,2.22165575,13438.73143497,4
0.0,4.0,2.0,175.4788614,1.82714009,9665.15932153,4
0.0,3.0,1.0,170.3588614,1.97514482,9086.68506681,4
0.0,3.0,1.0,153.2488614,1.79043289,6610.25112281,4
0.0,2.0,0.0,159.8888614,1.68208846,7059.0392526000005,4
0.0,3.0,1.0,153.42286140000002,1.6300112,5676.85666709,4
0.0,3.0,1.0,178.7128614,1.8051096000000002,9524.78281074,4
0.0,3.0,1.0,206.6408614,2.1560189999999997,12907.01105402,4
0.0,4.0,2.0,174.45286140000002,1.77579388,8610.95777217,4
0.0,3.0,1.0,182.5168614,1.89783806,11437.436131100001,4
0.0,3.0,1.0,195.39286140000002,2.03034583,11234.78105944,4
0.0,3.0,1.0,190.3148614,2.02339858,10211.8243526,4
0.0,2.0,0.0,154.5048614,1.62771228,6124.55730439,4
0.0,3.0,1.0,198.9988614,2.1480051,12700.22835718,4
0.0,3.0,1.0,187.0488614,2.02197872,11459.15405952,4
0.0,3.0,1.0,202.3068614,2.10935725,13632.60453718,4
0.0,4.0,1.0,177.6288614,2.04565775,9595.30306345,4
0.0,3.0,1.0,178.5228614,1.95583468,8373.7830226,4
0.0,3.0,1.0,153.67886140000002,1.73965609,6301.46317646,4
0.0,3.0,1.0,191.5228614,2.13396197,10939.17494133,4
0.0,3.0,1.0,186.1888614,2.0713013,10971.96773074,4
0.0,3.0,1.0,181.8968614,1.8965519,9601.78494553,4
0.0,3.0,1.0,155.95286140000002,1.78858971,7817.27599614,5
0.0,2.0,0.0,145.8128614,1.62975073,5873.68801386,5
0.0,2.0,0.0,156.99486140000002,1.71353222,6757.23655226,5
0.0,3.0,1.0,152.1648614,1.77776833,8090.03082449,5
0.0,2.0,0.0,152.2648614,1.69390587,5996.5288181000005,5
0.0,3.0,1.0,138.0968614,1.53035213,5602.35019121,5
0.0,2.0,0.0,146.26886140000002,1.59407792,5163.62160963,5
0.0,3.0,1.0,163.68486140000002,1.75402979,7703.2111002,5
0.0,3.0,1.0,167.6128614,1.96161757,8222.61415622,5
0.0,3.0,1.0,152.1888614,1.7570769,7573.70828693,5
0.0,3.0,1.0,164.2888614,1.73441924,8314.07354031,5
0.0,3.0,1.0,179.2408614,1.9592730999999999,10298.70077143,5
0.0,3.0,1.0,158.1288614,1.80906604,7696.02357646,5
0.0,3.0,1.0,152.8508614,1.78731651,7950.14029821,5
0.0,2.0,0.0,153.76886140000002,1.54134861,6642.73158437,5
0.0,3.0,1.0,168.5308614,1.64524762,7900.77406805,5
0.0,3.0,1.0,179.9028614,1.82415887,9869.9873149,5
0.0,3.0,1.0,174.6508614,1.84123528,9831.74303453,5
0.0,2.0,0.0,146.4008614,1.58842002,5818.68168787,5
0.0,3.0,1.0,176.3948614,1.88344649,9628.85020876,5
0.0,3.0,1.0,157.1768614,1.70913414,5932.05290181,5
0.0,3.0,1.0,143.6048614,1.57447299,5483.12744176,5
0.0,2.0,0.0,176.4128614,1.8959012,8599.26665274,5
0.0,2.0,0.0,209.7988614,2.05551632,13672.51993,6
0.0,3.0,1.0,217.6228614,2.08492307,15740.51937416,6
0.0,2.0,0.0,179.4488614,1.85712599,11172.93900744,6
0.0,3.0,1.0,191.7708614,1.88229489,11819.86541611,6
0.0,2.0,0.0,190.4308614,1.85239842,11344.8203844,6
0.0,2.0,0.0,195.1858614,2.01592333,12302.18837724,6
0.0,2.0,0.0,201.5038614,2.03531269,12698.62604121,6
0.0,2.0,0.0,157.4748614,1.85417344,8127.9897228,6
0.0,3.0,1.0,193.6648614,1.90434653,13225.58060665,6
0.0,3.0,1.0,187.7848614,1.85556786,12254.04003149,6
0.0,3.0,1.0,210.66086140000002,2.1875134999999997,15847.07312158,6
0.0,3.0,1.0,179.63686140000002,1.81794197,10675.40951168,6
0.0,2.0,0.0,195.0208614,1.94020721,12147.48413541,6
0.0,2.0,0.0,184.3608614,1.91441292,9131.48776434,6
0.0,3.0,1.0,196.4018614,2.01903189,12940.92032898,6
0.0,3.0,1.0,197.8328614,2.00986233,12181.28685272,6
0.0,2.0,0.0,211.3208614,2.09845989,13706.80340082,6
0.0,3.0,1.0,226.4628614,2.32190325,17572.19994308,6
0.0,3.0,1.0,222.61886140000001,2.25147551,14513.15930173,6
0.0,2.0,0.0,180.14286140000002,1.68550554,10686.68939944,6
0.0,2.0,0.0,185.4128614,1.93984808,11749.992101,6
0.0,3.0,1.0,214.3558614,2.0826517,15228.18159088,6
0.0,2.0,0.0,201.6128614,2.01838054,13667.14342639,6
0.0,3.0,1.0,198.0228614,1.94014029,12364.96594523,6
0.0,2.0,0.0,179.0768614,1.80647171,10529.91705526,6
0.0,2.0,0.0,169.6068614,1.71643743,9130.22574687,6
0.0,3.0,1.0,191.8948614,1.87109434,11377.51030788,6
1.0,1.0,1.0,167.2728614,1.59247747,5751.33709351,7
1.0,1.0,1.0,133.3408614,1.39123225,3276.39505791,7
1.0,1.0,1.0,171.9968614,1.78602449,6515.44558864,7
1.0,1.0,1.0,152.5288614,1.46213728,4580.15427612,7
1.0,1.0,1.0,141.4628614,1.42794667,3822.6186301,7
1.0,1.0,1.0,149.24486140000002,1.5657603999999998,4420.0811225,7
1.0,1.0,1.0,154.8848614,1.45157654,4985.37701844,7
1.0,1.0,1.0,150.42886140000002,1.51073307,4752.26734605,7
1.0,1.0,1.0,136.0968614,1.43880912,3489.15283369,7
1.0,1.0,1.0,140.4038614,1.63060254,3943.38056624,7
1.0,1.0,1.0,143.2988614,1.43278582,4600.99164877,7
1.0,1.0,1.0,138.5028614,1.44410334,3744.57949444,7
1.0,1.0,1.0,136.9388614,1.45077032,3536.37415995,7
1.0,1.0,1.0,140.5948614,1.54850494,3612.7768869999995,7
1.0,1.0,1.0,138.4608614,1.41126221,3502.29950982,7
1.0,1.0,1.0,154.2228614,1.54201036,4594.75990722,7
1.0,1.0,1.0,144.1088614,1.48243901,4300.67317037,7
1.0,1.0,1.0,142.04186140000002,1.51882173,4052.2881043000007,7
1.0,1.0,1.0,140.21486140000002,1.44817052,3921.89822664,7
0.0,2.0,0.0,146.7308614,1.67044565,5143.93466753,8
0.0,2.0,0.0,149.5208614,1.89772546,7289.73660448,8
0.0,2.0,0.0,154.8188614,1.70257397,5592.53360954,8
0.0,2.0,0.0,149.5668614,1.64732211,5125.74435269,8
0.0,2.0,0.0,149.2528614,1.61816722,5040.41472044,8
0.0,2.0,0.0,163.9568614,1.74938773,7541.67163544,8
0.0,2.0,0.0,150.7008614,1.66617383,5275.07276487,8
0.0,2.0,0.0,184.5988614,1.92210034,7624.82776308,8
0.0,2.0,0.0,154.0908614,1.68689446,5242.93256633,8
0.0,2.0,0.0,167.48886140000002,1.89751472,7774.27467227,8
0.0,2.0,0.0,149.2708614,1.60072622,5011.89949289,8
0.0,2.0,0.0,147.9128614,1.65452163,4736.96285255,8
2.0,0.0,2.0,138.2128614,1.33418051,2691.37208846,9
2.0,0.0,2.0,139.0468614,1.39289912,2362.85865913,9
2.0,0.0,2.0,140.5698614,1.40285859,2524.03089128,9
2.0,0.0,2.0,135.2838614,1.40670215,2188.46252681,9
2.0,0.0,2.0,123.9378614,1.23998234,1710.51752046,9
2.0,0.0,2.0,130.5788614,1.3080711,1888.41090497,9
2.0,0.0,2.0,136.20286140000002,1.33124748,2239.21952735,9
2.0,0.0,2.0,131.4968614,1.31149144,2063.88927705,9
2.0,0.0,2.0,135.5328614,1.28883802,1940.11192581,9
2.0,0.0,2.0,128.6268614,1.34388769,1933.91509188,9
2.0,0.0,2.0,134.0688614,1.24893064,1891.98487864,9
2.0,0.0,2.0,133.0608614,1.34227661,2114.70275474,9
2.0,0.0,2.0,126.4938614,1.27684741,1847.04250082,9
2.0,0.0,2.0,132.27386140000002,1.29129617,2050.73282852,9
2.0,0.0,2.0,138.4438614,1.417581,2797.93667312,9
2.0,0.0,2.0,133.9118614,1.37845993,1917.92142411,9
2.0,0.0,2.0,133.0688614,1.3527768,1753.58875378,9
2.0,0.0,2.0,133.2668614,1.29326905,1878.88537812,9
1.0,1.0,1.0,128.7758614,1.36718467,2948.40160065,10
1.0,1.0,1.0,151.7428614,1.60309246,5137.84818962,10
1.0,2.0,1.0,139.8508614,1.4581583,3524.81650366,10
1.0,1.0,1.0,130.38086140000001,1.48673376,3279.72721077,10
1.0,1.0,1.0,141.98286140000002,1.50103561,3979.94990023,10
1.0,1.0,1.0,138.26186140000002,1.46997902,3464.45337998,10
1.0,1.0,1.0,141.4628614,1.42794667,3822.6186301,10
1.0,1.0,1.0,138.5768614,1.44290507,3575.01636406,10
0.0,3.0,1.0,186.3128614,1.95060617,11687.23976618,10
1.0,1.0,1.0,135.3268614,1.37573161,2986.02659506,10
1.0,1.0,1.0,142.3728614,1.53903581,4074.16566155,10
1.0,1.0,1.0,150.3608614,1.50339582,4641.7236044,10
1.0,1.0,1.0,134.92886140000002,1.32197322,3476.29844333,10
1.0,1.0,1.0,134.5988614,1.52122142,3870.75302081,10
1.0,1.0,1.0,134.7808614,1.42489643,3456.04683324,10
1.0,1.0,1.0,133.8788614,1.34623139,3355.43267496,10
1.0,1.0,1.0,128.3548614,1.33194156,2880.56601621,10
1.0,1.0,1.0,132.9608614,1.41968233,3583.98301349,10
1.0,1.0,1.0,138.17886140000002,1.42905917,3696.04171885,10
1.0,1.0,1.0,130.0428614,1.36430803,2948.69709163,10
1.0,1.0,1.0,134.67286140000002,1.54198735,3766.76322195,10
1.0,1.0,1.0,133.9208614,1.56462053,3808.02131663,10
1.0,0.0,0.0,126.72486140000001,1.30274497,1609.33482208,1
1.0,0.0,0.0,139.5428614,1.37466149,1871.05593439,1
1.0,0.0,0.0,134.2588614,1.27744906,1655.18687555,1
1.0,0.0,0.0,133.23286140000002,1.3696479,1747.26385688,1
1.0,0.0,0.0,128.1228614,1.23895895,1508.24928604,1
1.0,0.0,0.0,134.7468614,1.32258533,1753.23620453,1
1.0,0.0,0.0,129.1648614,1.26397632,1537.42377086,1
1.0,0.0,0.0,132.5968614,1.31671428,1694.23106131,1
1.0,0.0,0.0,131.93486140000002,1.35630432,1623.23803519,1
1.0,0.0,0.0,139.9728614,1.31327203,1997.27362228,1
1.0,0.0,0.0,134.2668614,1.27103474,1794.42567007,1
1.0,0.0,0.0,133.3828614,1.27273909,1567.08442613,1
1.0,0.0,0.0,130.95886140000002,1.27922499,1750.99078626,1
1.0,0.0,0.0,127.43686140000001,1.19367608,1628.76427815,1
1.0,0.0,0.0,135.1768614,1.28618366,1671.00103309,1
1.0,0.0,0.0,131.48886140000002,1.24124726,1614.93422469,1
0.0,2.0,0.0,130.0848614,1.57623942,3396.47398541,2
0.0,2.0,0.0,145.6468614,1.40347858,4165.47266071,2
0.0,2.0,0.0,128.5368614,1.54752113,3634.41399807,2
0.0,2.0,0.0,137.6088614,1.35149516,3213.77768404,2
0.0,2.0,0.0,132.4068614,1.28113854,2728.17282462,2
0.0,3.0,1.0,135.16086140000002,1.29564813,2982.1280079,2
0.0,2.0,0.0,130.0678614,1.47237782,3410.53577225,2
0.0,2.0,0.0,136.49986140000001,1.29144644,2286.76942084,2
0.0,3.0,1.0,135.20286140000002,1.35353877,3880.47779932,2
0.0,2.0,0.0,137.6828614,1.49604619,4395.57414886,2
1.0,2.0,2.0,124.00486140000001,1.38167139,2819.71004244,2
0.0,2.0,0.0,133.7958614,1.32208368,2805.48196029,2
0.0,2.0,0.0,130.0408614,1.29293581,2827.82429501,2
0.0,3.0,1.0,142.2728614,1.38394597,4014.58412482,2
0.0,2.0,0.0,180.0848614,2.06535441,10383.51603486,3
0.0,2.0,0.0,197.7348614,2.16143011,11864.41965647,3
0.0,2.0,0.0,184.7248614,1.74672853,9651.52975628,3
0.0,2.0,0.0,188.5208614,1.94318243,10355.37655484,3
0.0,2.0,0.0,195.88086140000001,2.03957201,10007.79328017,3
0.0,2.0,0.0,195.2368614,2.12774454,11077.545687200001,3
0.0,2.0,0.0,144.63086140000001,1.52688713,4735.33278623,3
0.0,2.0,0.0,176.2728614,1.64029804,8604.06558128,3
0.0,2.0,0.0,200.76886140000002,2.06667152,11587.085793799999,3
0.0,2.0,0.0,206.4008614,2.04960327,12174.21356194,3
0.0,2.0,0.0,181.39286140000002,2.00859747,9965.91574295,3
0.0,2.0,0.0,192.4988614,1.99084187,10969.88458587,3
0.0,2.0,0.0,199.5528614,2.04870559,11627.20122893,3
0.0,3.0,1.0,203.7708614,2.02599892,12442.1427904,3
0.0,2.0,0.0,182.7228614,1.91302059,9699.20634888,3
0.0,2.0,0.0,205.11886140000001,2.02685117,11509.95509014,3
0.0,3.0,1.0,178.2488614,1.71364263,8632.91992634,3
0.0,4.0,2.0,183.2948614,2.00509307,10691.51628673,4
0.0,2.0,0.0,155.88686140000002,1.75200083,6437.85793371,4
0.0,3.0,1.0,178.86886140000001,1.84863714,8202.66822567,4
0.0,2.0,0.0,192.63086140000001,1.87939383,11076.0264965,4
0.0,4.0,2.0,187.3468614,2.00614239,11269.23977157,4
0.0,3.0,1.0,158.0788614,1.75314052,6033.5952792,4
0.0,2.0,0.0,157.5568614,1.60905215,5877.71690528,4
0.0,4.0,2.0,203.14286140000002,2.02732438,13242.81512548,4
0.0,3.0,1.0,156.0198614,1.94130332,8434.74103208,4
0.0,4.0,2.0,163.4128614,1.72396435,7456.09033541,4
0.0,3.0,1.0,178.4568614,1.87482479,9784.33231859,4
0.0,3.0,0.0,143.14286140000002,1.54622459,5338.505378,4
0.0,2.0,0.0,168.62486140000001,1.91502343,8822.05670673,4
0.0,2.0,0.0,182.1528614,1.94912038,10137.65591027,4
0.0,3.0,1.0,169.7468614,1.85271488,8150.84361484,4
0.0,3.0,1.0,162.6938614,1.68146603,6887.74097419,4
0.0,3.0,1.0,166.1088614,1.87134602,6979.793082100001,4
0.0,4.0,2.0,171.20286140000002,1.9651134,9201.72677187,4
0.0,3.0,1.0,169.8888614,1.78729207,8188.01344505,4
0.0,3.0,1.0,161.73286140000002,1.75088834,8265.00357382,5
0.0,3.0,1.0,166.1568614,1.82035707,8595.742623999999,5
0.0,2.0,0.0,157.7468614,1.7191683,7312.45456065,5
0.0,2.0,0.0,155.1928614,1.74836876,6225.59989478,5
0.0,4.0,2.0,160.1628614,1.79295762,8453.77217665,5
0.0,2.0,0.0,153.95886140000002,1.68799348,6349.39756779,5
0.0,3.0,0.0,147.0608614,1.40728573,4731.5133327,5
0.0,2.0,0.0,152.95886140000002,1.75425217,7027.38511048,5
0.0,3.0,1.0,152.00686140000002,1.72211605,7239.598485100001,5
0.0,4.0,1.0,157.67286140000002,1.76647456,6775.26588918,5
0.0,2.0,0.0,153.2808614,1.70653613,7560.467361,5
0.0,3.0,1.0,157.0268614,1.66711926,7316.13978168,5
0.0,3.0,1.0,164.23886140000002,1.8256942999999999,8714.93168067,5
0.0,2.0,0.0,168.7708614,1.7817363000000002,8563.05054549,5
0.0,3.0,1.0,171.7898614,1.93226761,8982.25641523,5
0.0,2.0,0.0,187.3788614,2.08778921,10873.17902565,6
0.0,3.0,1.0,206.0108614,2.1450487000000003,13672.78480308,6
0.0,3.0,1.0,211.04786140000002,2.1885686,15227.63658881,6
0.0,3.0,1.0,178.7278614,1.93629926,9894.85772753,6
0.0,2.0,0.0,191.1748614,2.06809934,11354.1599055,6
0.0,2.0,0.0,197.2128614,2.10422276,12509.4601955,6
0.0,3.0,1.0,211.8008614,2.09803323,13733.63684657,6
0.0,3.0,1.0,193.1698614,1.9194063000000001,13072.87019201,6
0.0,3.0,1.0,199.3888614,2.2250794999999997,14037.38861021,6
0.0,2.0,0.0,202.7608614,2.0235121,12496.36718376,6
0.0,2.0,0.0,199.5948614,2.0108811,13193.4546318,6
0.0,3.0,1.0,195.9548614,2.07600308,12586.8028215,6
0.0,2.0,0.0,210.8088614,2.19202258,13242.9376969,6
0.0,3.0,1.0,213.0988614,2.3002013,15243.97553053,6
0.0,2.0,0.0,182.1348614,1.88365638,9684.05376584,6
0.0,3.0,1.0,179.4808614,1.86626927,10479.96941384,6
0.0,3.0,1.0,176.23886140000002,2.03134334,9681.48950152,6
1.0,1.0,1.0,130.7038614,1.3445426,3161.16524363,7
1.0,1.0,1.0,135.0448614,1.33936477,3242.8086737,7
1.0,1.0,1.0,135.1108614,1.38527945,3389.10291275,7
1.0,1.0,1.0,138.26186140000002,1.46997902,3464.45337998,7
1.0,1.0,1.0,129.6288614,1.37332605,2862.95569946,7
1.0,1.0,1.0,132.46486140000002,1.34315235,3124.95640771,7
1.0,1.0,1.0,135.1688614,1.54385606,3889.05858665,7
1.0,1.0,1.0,156.95286140000002,1.68554271,5663.02416935,7
1.0,1.0,1.0,138.89886140000002,1.39582395,3744.70528068,7
1.0,1.0,1.0,137.3448614,1.54729711,4140.00907111,7
1.0,1.0,1.0,140.49486140000002,1.44622392,3752.24638582,7
1.0,1.0,1.0,130.70286140000002,1.38372883,3153.25484956,7
1.0,1.0,1.0,134.97086140000002,1.42891341,3370.49744682,7
1.0,1.0,1.0,137.6168614,1.41190611,3772.102425,7
1.0,1.0,1.0,138.6508614,1.45160792,3776.501007,7
1.0,1.0,1.0,145.48286140000002,1.59626934,4437.11299763,7
1.0,1.0,1.0,142.5208614,1.32191229,3435.9668397,7
1.0,1.0,1.0,136.8728614,1.41841498,3703.13034691,7
1.0,1.0,1.0,146.4908614,1.4413508,3786.02765766,7
1.0,1.0,1.0,144.99486140000002,1.58255732,4458.55737099,7
1.0,1.0,1.0,137.9308614,1.35301858,3194.79834919,7
1.0,1.0,1.0,152.2888614,1.62605599,5557.81170926,7
1.0,1.0,1.0,147.8548614,1.42392473,3669.32072214,7
0.0,2.0,0.0,138.7848614,1.62563547,4338.71658668,8
0.0,2.0,0.0,152.7428614,1.69396273,5537.451450199999,8
0.0,3.0,1.0,162.7168614,1.74365681,5910.43816619,8
0.0,2.0,0.0,168.2828614,1.78409644,6781.21229521,8
0.0,2.0,0.0,156.4148614,1.87295175,6110.75378098,8
0.0,2.0,0.0,150.24486140000002,1.83238954,5601.36833086,8
0.0,2.0,0.0,147.6328614,1.62108631,5048.21581803,8
0.0,3.0,1.0,161.5508614,1.81135048,7658.60856714,8
0.0,2.0,0.0,168.6468614,1.78167533,6602.76656734,8
0.0,2.0,0.0,149.6828614,1.64235265,5062.76565784,8
0.0,2.0,0.0,150.0388614,1.66655239,5114.15176851,8
0.0,2.0,0.0,155.8108614,1.76521233,5783.67131227,8
0.0,2.0,0.0,151.2048614,1.63450881,5107.93270985,8
0.0,2.0,0.0,153.9508614,1.81584668,5858.31368262,8
0.0,2.0,0.0,158.2428614,1.69084114,6450.00121073,8
0.0,2.0,0.0,172.1028614,1.87983721,7773.638677,8
0.0,3.0,0.0,151.1388614,1.77647857,5758.67875555,8
0.0,2.0,0.0,171.7888614,1.96858312,7881.51558022,8
0.0,2.0,0.0,176.68486140000002,1.99367517,8019.09208795,8
0.0,3.0,1.0,162.7418614,1.78160042,6573.33819904,8
0.0,2.0,0.0,159.9628614,1.8720876,6483.96978381,8
2.0,0.0,2.0,137.4268614,1.33919768,2618.79392265,9
2.0,0.0,2.0,139.13086140000001,1.3391276,2498.09638003,9
2.0,0.0,2.0,131.3728614,1.22918934,1777.64521977,9
2.0,0.0,2.0,132.9518614,1.35599714,2153.69858155,9
2.0,0.0,2.0,136.7068614,1.29852731,2043.12618877,9
2.0,0.0,2.0,132.0758614,1.34355469,1913.77602427,9
2.0,0.0,2.0,133.20886140000002,1.34034596,2283.56162025,9
2.0,0.0,2.0,134.3508614,1.33495923,1932.02421939,9
2.0,0.0,2.0,132.9448614,1.30096649,1951.21832727,9
2.0,0.0,2.0,135.8628614,1.3408642,2162.95627742,9
2.0,0.0,2.0,134.2248614,1.40237535,2234.11462261,9
2.0,0.0,2.0,127.25486140000001,1.28370749,2108.4814833,9
2.0,0.0,2.0,133.25086140000002,1.35025017,2140.45032081,9
2.0,0.0,2.0,133.12586140000002,1.34898353,2289.72710237,9
2.0,0.0,2.0,132.0098614,1.33853879,2065.70285147,9
2.0,0.0,2.0,132.0098614,1.31908348,1899.84195164,9
1.0,1.0,1.0,180.7968614,1.9304486,8700.29702497,9
2.0,0.0,2.0,129.9838614,1.34070646,2249.36810388,9
2.0,0.0,2.0,136.8308614,1.31852606,1918.84728599,9
2.0,0.0,2.0,131.7788614,1.27281798,2035.18390218,9
2.0,0.0,2.0,131.3068614,1.26455827,1984.42189495,9
2.0,0.0,2.0,132.0348614,1.29990646,1753.74302832,9
2.0,0.0,2.0,131.93486140000002,1.29576922,2035.77748333,9
2.0,0.0,2.0,131.9188614,1.36523545,1860.01158716,9
2.0,0.0,2.0,125.04686140000001,1.35373288,2248.21184131,9
2.0,0.0,2.0,136.1288614,1.32496875,2154.67299853,9
2.0,0.0,2.0,136.0208614,1.309194,1782.99822133,9
2.0,0.0,2.0,129.5628614,1.25288387,2117.85182135,9
2.0,0.0,2.0,131.1988614,1.33987062,2094.81737311,9
1.0,1.0,1.0,133.4478614,1.22136335,2124.81632267,9
1.0,1.0,1.0,133.8628614,1.42018678,3675.34746902,10
1.0,1.0,1.0,138.6508614,1.45160792,3776.501007,10
1.0,1.0,1.0,131.7788614,1.4213883999999999,3017.26903742,10
1.0,1.0,1.0,133.8208614,1.40007623,3309.14741841,10
1.0,1.0,1.0,137.98886140000002,1.41385378,3551.97245726,10
1.0,1.0,1.0,148.6988614,1.58319407,4722.32116447,10
1.0,1.0,1.0,141.8108614,1.49086498,3927.74501603,10
1.0,1.0,1.0,144.8048614,1.53627337,4127.36785739,10
1.0,1.0,1.0,130.8948614,1.48533163,3634.47421939,10
1.0,1.0,1.0,177.47086140000002,1.76232239,6732.36147467,10
1.0,1.0,1.0,136.8888614,1.41004362,3564.51291623,10
1.0,1.0,1.0,150.42886140000002,1.51073307,4752.26734605,10
1.0,1.0,1.0,130.21486140000002,1.31778667,2707.9953274,10
1.0,1.0,1.0,164.8008614,1.58343745,5914.60486408,10
1.0,1.0,1.0,131.5968614,1.33868202,3078.47781712,10
1.0,1.0,1.0,141.3468614,1.40100191,3372.37219392,10
1.0,1.0,1.0,136.98886140000002,1.41295889,3650.41682253,10
1.0,1.0,1.0,148.1288614,1.68498948,4755.58507784,10
1.0,1.0,1.0,133.5648614,1.42920617,3456.27060873,10
1.0,1.0,1.0,137.9308614,1.35301858,3194.79834919,10
1.0,1.0,1.0,130.8528614,1.43034624,3260.08948999,10
1.0,1.0,1.0,144.99486140000002,1.58493175,4479.01038962,10
1.0,1.0,1.0,159.3588614,1.61584912,5586.482263399999,10
1.0,1.0,1.0,144.7128614,1.46924272,4203.44581191,10
1.0,1.0,1.0,136.8728614,1.41841498,3703.13034691,10
0.0,2.0,0.0,183.9068614,1.97643888,9575.1665802,10
1.0,1.0,1.0,149.2948614,1.5022031,4784.06192183,10
1.0,1.0,1.0,154.2228614,1.54201036,4594.75990722,10
1.0,0.0,0.0,130.8108614,1.24891175,1627.67135921,1
1.0,0.0,0.0,131.86886140000001,1.29906355,1677.24740162,1
1.0,0.0,0.0,127.9238614,1.32746906,1560.58174693,1
1.0,0.0,0.0,128.8008614,1.24259837,1519.8470535999998,1
1.0,0.0,0.0,123.3428614,1.3432221000000002,1700.90002589,1
1.0,0.0,0.0,130.6948614,1.34355699,1685.05622222,1
1.0,0.0,0.0,130.1568614,1.42810916,1849.0474526,1
1.0,0.0,0.0,126.27886140000001,1.21050553,1514.35517665,1
1.0,0.0,0.0,130.63686140000002,1.21629652,1601.07095887,1
1.0,0.0,0.0,133.2988614,1.35423589,1880.48117147,1
1.0,0.0,0.0,125.07086140000001,1.27395336,1558.65307416,1
1.0,0.0,0.0,134.4908614,1.29597741,1728.1325746,1
1.0,0.0,0.0,121.57286140000001,1.24812543,1530.15115571,1
1.0,0.0,0.0,122.3008614,1.25893879,1669.41773487,1
1.0,0.0,0.0,132.4728614,1.32788173,1731.64558742,1
1.0,0.0,0.0,126.99886140000001,1.19220522,1629.07063529,1
1.0,0.0,0.0,128.5028614,1.33892385,1715.13246789,1
0.0,2.0,0.0,209.4188614,2.02748205,13099.45528567,1
0.0,2.0,0.0,136.1948614,1.45213425,3334.11037445,2
0.0,2.0,0.0,136.8068614,1.44428813,3560.92153023,2
0.0,2.0,0.0,126.56086140000001,1.42808639,3068.57309451,2
0.0,2.0,0.0,153.2228614,1.6030661,5853.12799624,2
0.0,2.0,0.0,128.0248614,1.43318588,3643.66258709,2
0.0,2.0,0.0,137.6168614,1.33945175,2890.29047117,2
0.0,2.0,0.0,122.8548614,1.43780288,2607.93645494,2
0.0,2.0,0.0,138.9068614,1.40756324,3432.48067063,2
0.0,2.0,0.0,137.7488614,1.27834212,3213.04532835,2
0.0,3.0,1.0,136.3188614,1.43213311,3775.71455581,2
0.0,3.0,1.0,139.5848614,1.29819363,3055.20861638,2
0.0,3.0,1.0,143.97686140000002,1.5242584,4804.79816902,2
0.0,2.0,0.0,144.4728614,1.35175941,3132.83358873,2
0.0,2.0,0.0,136.1528614,1.49051998,4092.14057881,2
0.0,3.0,1.0,143.1658614,1.38605573,4104.32020039,2
0.0,2.0,0.0,133.2908614,1.32524905,3081.26670627,2
0.0,2.0,0.0,135.9788614,1.2178972,2378.94171041,2
0.0,2.0,0.0,123.3428614,1.43857051,2738.41596147,2
0.0,2.0,0.0,134.6068614,1.31643858,2984.78231082,2
0.0,2.0,0.0,136.1448614,1.46208216,3576.91285485,2
0.0,2.0,0.0,137.7988614,1.40177247,3648.33538148,2
0.0,2.0,0.0,133.8628614,1.28543397,2644.12550091,2
0.0,2.0,0.0,135.1528614,1.40438625,3247.43804117,2
0.0,2.0,0.0,194.7068614,2.07748423,10844.62300579,3
0.0,2.0,0.0,194.0208614,2.05551371,10945.46451175,3
0.0,2.0,0.0,188.3128614,2.10642739,11225.11135502,3
0.0,2.0,0.0,202.5388614,2.36023162,13014.44300761,3
0.0,2.0,0.0,190.8858614,1.99300047,10160.08821485,3
0.0,2.0,0.0,187.9008614,2.16035734,10395.69476057,3
0.0,2.0,0.0,206.3188614,2.22538906,12793.89709458,3
0.0,3.0,1.0,187.2548614,1.92244841,9495.98135796,3
0.0,2.0,0.0,177.8448614,1.83805394,8575.66149801,3
0.0,2.0,0.0,178.21486140000002,1.8658240000000001,9884.03325496,3
0.0,2.0,0.0,171.7648614,1.80702827,7563.38315232,3
0.0,2.0,0.0,205.9128614,2.03845218,12582.8078037,3
0.0,2.0,0.0,176.7768614,1.8781312,8604.72617511,3
0.0,2.0,0.0,185.5268614,2.04964226,10041.99666374,3
0.0,2.0,0.0,188.8608614,2.09129205,10516.40694005,3
0.0,2.0,0.0,192.6808614,1.98473723,11143.19625946,3
0.0,2.0,0.0,177.47086140000002,1.90450932,8874.52351134,3
0.0,2.0,0.0,191.5228614,1.93822941,10846.81085732,3
0.0,3.0,1.0,170.0288614,1.74675519,8077.6108133,4
0.0,3.0,1.0,193.0108614,1.91072771,11054.80295487,4
0.0,4.0,2.0,152.7608614,1.72510237,6333.39522651,4
0.0,4.0,2.0,183.3108614,1.93253227,9301.73527373,4
0.0,4.0,2.0,163.4548614,1.71602777,7601.00931024,4
0.0,4.0,2.0,194.6408614,2.13081157,12182.30167703,4
0.0,3.0,1.0,193.5908614,1.92001959,11953.47810793,4
0.0,3.0,1.0,179.0848614,1.79966154,9240.95092509,4
0.0,3.0,1.0,146.8888614,1.81362996,6882.7863491,4
0.0,3.0,1.0,210.1388614,2.16456589,12664.49327165,4
0.0,3.0,1.0,206.0948614,2.18497063,13448.24886701,4
0.0,2.0,0.0,172.2528614,1.82232869,8623.00059489,4
0.0,3.0,1.0,172.47686140000002,1.93385565,10063.712727600001,4
0.0,4.0,2.0,182.71486140000002,1.96935339,10743.90886292,4
0.0,2.0,0.0,180.0428614,1.97846452,8943.06283038,4
0.0,4.0,2.0,184.45286140000002,2.0846658,10399.71566268,4
0.0,4.0,2.0,185.9908614,1.96766823,9959.2783939,4
0.0,4.0,2.0,177.9928614,1.85711571,9242.45693366,4
0.0,3.0,1.0,182.1448614,1.93242339,10334.97846721,4
0.0,3.0,1.0,217.8548614,2.37424167,16356.14743872,4
0.0,3.0,1.0,171.0788614,1.89584975,8202.03379692,4
0.0,2.0,0.0,186.0808614,2.07171143,10529.15896425,4
0.0,3.0,1.0,185.1718614,2.0165491,10421.04733427,4
0.0,3.0,1.0,159.62486140000001,1.87622258,7075.75141436,5
0.0,2.0,0.0,145.9378614,1.71534628,5492.61195697,5
0.0,3.0,1.0,170.25086140000002,1.82045424,9238.21504904,5
0.0,3.0,1.0,160.6008614,1.85731025,7466.42023029,5
0.0,3.0,1.0,158.9128614,1.74099431,7359.52750606,5
0.0,3.0,1.0,141.14886140000002,1.56780697,6003.00526087,5
0.0,3.0,1.0,159.22686140000002,1.85868151,8155.17575303,5
0.0,2.0,0.0,155.7868614,1.65278434,6634.18562276,5
0.0,3.0,1.0,165.6028614,1.90875195,9296.39712504,5
0.0,3.0,1.0,161.3448614,1.7202881,7030.03744137,5
0.0,3.0,1.0,162.1628614,1.70364395,8031.62324464,5
0.0,3.0,1.0,147.8888614,1.60219616,6286.78862989,5
0.0,3.0,1.0,162.68486140000002,1.81264683,8306.16044722,5
0.0,2.0,0.0,145.4488614,1.55080208,5775.93993999,5
0.0,2.0,0.0,148.0788614,1.62230075,6558.87674424,5
0.0,3.0,1.0,154.1508614,1.80718137,7312.85540398,5
0.0,2.0,0.0,150.66086140000002,1.7647432,6041.30494492,5
0.0,3.0,1.0,164.2888614,1.82201122,7826.24935643,5
0.0,2.0,0.0,151.8998614,1.71127054,5926.19298461,5
0.0,2.0,0.0,202.9268614,1.965788,13519.38881995,6
0.0,3.0,1.0,224.4038614,2.27245103,16731.34824914,6
0.0,2.0,0.0,180.0928614,2.03702507,9605.4689837,6
0.0,3.0,1.0,201.0828614,2.07822224,13518.53665584,6
0.0,3.0,1.0,189.93486140000002,1.85642433,11787.07654748,6
0.0,2.0,0.0,188.78586140000002,1.83639684,12341.95965937,6
0.0,3.0,1.0,196.1948614,2.06691739,12622.763460600001,6
0.0,2.0,0.0,186.2788614,1.76340537,10085.42642577,6
0.0,3.0,1.0,183.8308614,1.85918964,10150.08381264,6
0.0,2.0,0.0,175.87486140000001,1.9941302,9390.63390828,6
0.0,2.0,0.0,203.4808614,1.96999349,13239.52595029,6
0.0,3.0,1.0,205.3328614,2.13653424,14118.85041117,6
0.0,3.0,1.0,190.8108614,2.15999308,12616.40893775,6
0.0,3.0,1.0,219.39286140000002,2.21458342,14739.10779581,6
0.0,2.0,0.0,193.6068614,2.09595004,13252.18439739,6
0.0,3.0,1.0,199.3958614,1.94307337,13363.32699725,6
0.0,2.0,0.0,192.6888614,1.89359925,11999.517540100001,6
0.0,3.0,1.0,189.8028614,1.91467227,12044.22461186,6
0.0,3.0,1.0,204.41686140000002,2.03368535,14748.10814068,6
0.0,3.0,1.0,175.7348614,1.90247126,9847.82473627,6
0.0,2.0,0.0,178.5388614,1.86408795,10124.72744022,6
0.0,3.0,1.0,207.64886140000002,2.20926066,12900.52136111,6
0.0,2.0,0.0,191.92886140000002,2.00664092,12731.33107864,6
0.0,3.0,1.0,213.3708614,2.19932428,14820.6446072,6
0.0,3.0,1.0,207.2608614,2.00658944,14217.7881521,6
0.0,3.0,1.0,181.5588614,1.99059782,11738.8928881,6
1.0,1.0,1.0,171.3268614,1.61912983,6641.59861241,7
1.0,1.0,1.0,141.3468614,1.40100191,3372.37219392,7
1.0,1.0,1.0,134.9628614,1.37740821,3387.86616585,7
1.0,1.0,1.0,164.3888614,1.72583335,5683.97928376,7
1.0,1.0,1.0,137.0228614,1.34655623,3593.77474835,7
1.0,1.0,1.0,138.5588614,1.4826443,3905.88349701,7
1.0,1.0,1.0,138.7828614,1.45600128,3590.40935171,7
1.0,1.0,1.0,136.69086140000002,1.46901063,3634.57564199,7
1.0,1.0,1.0,144.7128614,1.46924272,4203.44581191,7
1.0,1.0,1.0,148.6988614,1.58319407,4722.32116447,7
1.0,1.0,1.0,131.3488614,1.49290105,3110.50547471,7
1.0,1.0,1.0,133.2168614,1.50802474,3542.63811124,7
1.0,1.0,1.0,140.38686140000002,1.54857648,3944.3625356,7
1.0,1.0,1.0,135.2608614,1.49546662,3592.35352929,7
1.0,1.0,1.0,129.8268614,1.35271915,2943.22982148,7
0.0,2.0,0.0,155.7868614,1.65278434,5409.070897199999,8
0.0,2.0,0.0,154.3148614,1.79368086,6255.51427574,8
0.0,3.0,1.0,151.38686140000002,1.75518298,5791.83975212,8
0.0,2.0,0.0,163.96486140000002,1.92223541,6905.20973079,8
0.0,2.0,0.0,150.3448614,1.67646183,5191.93908855,8
0.0,2.0,0.0,156.2168614,1.80661035,5682.88196043,8
0.0,2.0,0.0,161.1868614,1.87995206,6490.322959300001,8
0.0,2.0,0.0,153.8768614,1.63949229,5399.07769898,8
0.0,2.0,0.0,175.8908614,1.96439131,7440.40255099,8
0.0,2.0,0.0,160.7988614,1.73313643,6475.96817217,8
0.0,2.0,0.0,154.8188614,1.68725815,5429.36520797,8
0.0,3.0,1.0,152.3788614,1.7696761000000003,5600.1391907,8
0.0,2.0,0.0,148.75686140000002,1.70888729,5074.98102426,8
0.0,3.0,1.0,153.7108614,1.74142101,5741.90454188,8
0.0,2.0,0.0,158.0368614,1.67903174,6097.38482501,8
0.0,2.0,0.0,151.2048614,1.74864777,5467.9453963999995,8
0.0,3.0,1.0,163.5608614,1.79056635,6611.49408866,8
0.0,2.0,0.0,163.3548614,1.9560531000000003,6661.61223594,8
0.0,2.0,0.0,159.1688614,1.80471178,6686.46814814,8
0.0,2.0,0.0,165.49486140000002,1.88253051,7756.24258824,8
0.0,2.0,0.0,149.0548614,1.67521649,5008.42068471,8
0.0,2.0,0.0,159.01286140000002,1.71765182,5416.05702518,8
0.0,2.0,0.0,148.20286140000002,1.68037547,5132.45829637,8
0.0,3.0,1.0,157.2668614,1.8248978,6479.27448906,8
0.0,2.0,0.0,157.2168614,1.7083004000000002,5667.70023437,8
0.0,2.0,0.0,171.2768614,1.89221276,7905.1116963,8
2.0,0.0,2.0,133.8788614,1.2631017,2044.1676158,9
2.0,0.0,2.0,126.98086140000001,1.28094346,1651.01799303,9
2.0,0.0,2.0,130.1988614,1.23811481,1786.45431665,9
2.0,0.0,2.0,149.7828614,1.43830766,3298.12904366,9
2.0,0.0,2.0,137.6328614,1.44094995,2371.63633655,9
2.0,0.0,2.0,125.5928614,1.28010513,2104.69711966,9
2.0,0.0,2.0,125.7748614,1.27945715,1791.27136509,9
2.0,0.0,2.0,135.3008614,1.25698521,1848.14703722,9
2.0,0.0,2.0,126.0388614,1.2665911,1692.11489912,9
2.0,0.0,2.0,132.0268614,1.25764356,2090.13903434,9
2.0,0.0,2.0,127.80886140000001,1.33442633,1988.10482227,9
2.0,0.0,2.0,134.3078614,1.35833441,2068.63596903,9
2.0,0.0,2.0,131.5548614,1.32708455,2967.87223807,9
2.0,0.0,2.0,129.2968614,1.3291853999999999,1907.43411027,9
2.0,0.0,2.0,132.3908614,1.28781974,1863.8278669,9
2.0,0.0,2.0,133.2588614,1.2523587999999999,1958.51186319,9
2.0,0.0,2.0,127.9908614,1.19361284,1837.06664111,9
2.0,0.0,2.0,139.3528614,1.32970482,2039.97994938,9
1.0,1.0,1.0,135.2608614,1.49546662,3592.35352929,10
1.0,1.0,1.0,153.5628614,1.6455634999999997,4823.13261738,10
1.0,1.0,1.0,137.7588614,1.43243758,3896.59535858,10
1.0,1.0,1.0,129.5368614,1.28157246,3024.62992784,10
1.0,1.0,1.0,135.0288614,1.41466194,3033.30714023,10
1.0,1.0,1.0,142.9928614,1.44062648,4567.22010516,10
1.0,1.0,1.0,144.99486140000002,1.58255732,4458.55737099,10
1.0,1.0,1.0,154.8848614,1.45157654,4985.37701844,10
1.0,1.0,1.0,138.4608614,1.41126221,3502.29950982,10
1.0,1.0,1.0,142.0168614,1.47872341,4026.33835559,10
1.0,1.0,1.0,139.8508614,1.53563586,4077.83686036,10
0.0,2.0,0.0,195.8648614,2.06200339,8714.09878135,10
1.0,1.0,1.0,133.2008614,1.46483651,3366.4763764,10
1.0,1.0,1.0,152.40486140000002,1.62034524,5243.267753600001,10
